DateTime,GSLOOK_discharge,CS2MET_150_AirTemp,CS2MET_150_humidity,CS2MET_260_precip,CS2MET_250_precip,CS2MET_150_dewPointT,CS2MET_150_vaporPressure,CS2MET_150_vaporPDeficit
2/1/2011,82,-0.7,96.4,0,0,-1.2,5.6,0.2
2/2/2011,76,-1.1,95.5,0,0,-1.8,5.4,0.3
2/3/2011,70,1.5,97.8,0,0,1.1,6.6,0.2
2/4/2011,67,4.3,99.4,1.3,2.1,4.3,8.3,0.1
2/5/2011,80,7,100,6.9,7.3,7,10,0
2/6/2011,83,6.7,100,0.8,0.8,6.7,9.8,0
2/7/2011,85,3.4,100,13,12.3,3.4,7.8,0
2/8/2011,80,1,100,4.3,3.8,1,6.6,0
2/9/2011,73,-1.1,100,0,0.2,-1.1,5.6,0
2/10/2011,68,-0.1,100,0,0.5,-0.1,6.1,0
2/11/2011,65,2.6,100,0,0.4,2.6,7.4,0
2/12/2011,63,3.7,99.8,9.9,9.3,3.7,8,0
2/13/2011,68,5.7,100,2,3,5.7,9.2,0
2/14/2011,73,3.7,100,30,29,3.7,8,0
2/15/2011,107,-0.5,100,53.8,54.1,-0.5,5.9,0
2/16/2011,108,-0.4,100,10.7,9.6,-0.4,5.9,0
2/17/2011,97,-0.3,100,4.1,2.4,-0.3,6,0
2/18/2011,87,-0.2,100,1.3,1.6,-0.2,6,0
2/19/2011,81,-0.1,100,0,0.3,-0.1,6.1,0
2/20/2011,74,-0.2,100,3.3,3.2,-0.2,6,0
2/21/2011,68,-0.3,100,1,1.6,-0.3,6,0
2/22/2011,67,-0.3,100,12.2,14.4,-0.3,6,0
2/23/2011,65,-0.6,100,16,16.3,-0.6,5.8,0
2/24/2011,62,-2.5,99.7,11.4,9.2,-2.5,5.1,0
2/25/2011,57,-7,98.4,0,0,-7.2,3.6,0.1
2/26/2011,55,-6.8,96.5,0,0,-7.2,3.6,0.1
2/27/2011,53,-1.5,99.7,1.5,1.6,-1.6,5.4,0
2/28/2011,65,0.2,100,32.5,32.9,0.2,6.2,0
3/1/2011,112,0.6,100,3.8,3.6,0.6,6.4,0
3/2/2011,124,0.7,100,11.4,11.9,0.7,6.4,0
3/3/2011,124,0.1,100,10.7,11.5,0.1,6.2,0
3/4/2011,127,1,100,22.1,22.4,1,6.6,0
3/5/2011,218,1.6,100,7.1,7.3,1.6,6.9,0
3/6/2011,203,1,100,0,0,1,6.6,0
3/7/2011,163,0.9,99.8,1.8,2.1,0.9,6.5,0
3/8/2011,166,0.7,100,38.4,37.5,0.7,6.4,0
3/9/2011,225,2.7,100,1.3,1.5,2.7,7.4,0
3/10/2011,374,2.2,100,43.9,42.7,2.2,7.2,0
3/11/2011,379,1.5,100,0.5,0.8,1.5,6.8,0
3/12/2011,273,1.2,100,5.1,5,1.2,6.7,0
3/13/2011,236,3,100,13.7,13.6,3,7.6,0
3/14/2011,243,3.5,100,3,2.5,3.5,7.9,0
3/15/2011,308,3.5,100,33.8,36.8,3.5,7.9,0
3/16/2011,402,1,100,27.7,27.6,1,6.6,0
3/17/2011,330,1.5,100,0.8,1.3,1.5,6.8,0
3/18/2011,266,1.7,100,8.9,8.9,1.7,6.9,0
3/19/2011,220,1.1,100,1,1.2,1.1,6.6,0
3/20/2011,184,2.7,100,7.4,7.4,2.7,7.4,0
3/21/2011,175,2.7,100,10.9,10.2,2.7,7.4,0
3/22/2011,162,1.4,100,1.3,1,1.4,6.8,0
3/23/2011,144,2.3,99.8,0,0.4,2.3,7.2,0
3/24/2011,133,2.4,100,4.6,4.4,2.4,7.3,0
3/25/2011,132,1,100,22.9,22,1,6.6,0
3/26/2011,160,1.5,100,23.6,23.4,1.5,6.8,0
3/27/2011,186,1.6,100,23.6,22.7,1.6,6.9,0
3/28/2011,204,2.4,100,8.9,9,2.4,7.3,0
3/29/2011,253,3.3,100,48.5,49.4,3.3,7.7,0
3/30/2011,491,6.7,100,5.6,5.9,6.7,9.8,0
3/31/2011,564,8.5,100,2.5,3.6,8.5,11.1,0
4/1/2011,514,8.9,99.5,2.5,1,8.8,11.3,0.1
4/2/2011,469,2.5,99.7,11.7,11.3,2.5,7.3,0
4/3/2011,343,2.5,99.2,0.3,0.6,2.4,7.3,0.1
4/4/2011,278,5.1,100,30.5,29.4,5.1,8.8,0
4/5/2011,441,3.9,99.6,8.6,7.9,3.8,8,0
4/6/2011,363,0.8,100,34.3,35,0.8,6.5,0
4/7/2011,297,0.4,99.9,1.5,1.1,0.4,6.3,0
4/8/2011,239,1.1,99.7,0,0.2,1,6.6,0
4/9/2011,198,3.4,95.3,0,0,2.7,7.4,0.5
4/10/2011,169,5.2,97.3,4.1,3.2,4.8,8.6,0.3
4/11/2011,176,3.3,99.7,13.7,13.9,3.3,7.7,0
4/12/2011,162,3.6,97.8,0.8,0.1,3.3,7.7,0.2
4/13/2011,147,2.8,99.8,8.6,8,2.7,7.4,0
4/14/2011,145,2.5,100,16.8,17.1,2.5,7.3,0
4/15/2011,226,5.4,100,40.1,40.1,5.4,9,0
4/16/2011,640,7.4,100,29,28.4,7.4,10.3,0
4/17/2011,702,6,98.8,0,0,5.8,9.2,0.1
4/18/2011,441,2.6,88,0,0,0.5,6.3,1.1
4/19/2011,311,2.6,88.4,0,0,0.6,6.4,1.3
4/20/2011,240,4.4,91.6,1.8,1.5,3,7.6,0.9
4/21/2011,195,3,94,1.5,1.8,2.1,7.1,0.5
4/22/2011,162,3.8,88.3,0,0,1.8,7,1.4
4/23/2011,142,6.5,85.4,2.5,2.9,3.8,8,2.1
4/24/2011,143,5.2,99.9,12.2,12.4,5.2,8.8,0
4/25/2011,191,4.5,100,31.5,31.9,4.5,8.4,0
4/26/2011,229,4.1,99.9,14.7,14.6,4.1,8.2,0
4/27/2011,219,5.5,97.2,4.8,4.9,5.1,8.8,0.3
4/28/2011,206,1.8,99.9,19.6,18.9,1.8,7,0
4/29/2011,195,1.9,99.5,14.2,13.7,1.8,7,0
4/30/2011,186,4,95.8,0,0,3.4,7.8,0.4
5/1/2011,170,5.5,91.3,0,0,4.1,8.2,1.1
5/2/2011,163,5.6,96.9,1,1.2,5.1,8.8,0.3
5/3/2011,152,6.1,83.9,0,0,3.1,7.6,2.1
5/4/2011,145,8.2,84.1,0,0,5.2,8.8,2.6
5/5/2011,161,8.7,89.8,0,0,7,10,1.4
5/6/2011,173,7.7,96.4,7.1,6.3,7.1,10.1,0.4
5/7/2011,191,6.7,99.8,3.3,3.6,6.7,9.8,0
5/8/2011,198,4.7,99.8,7.6,7.8,4.7,8.5,0
5/9/2011,178,6.4,97.9,0.8,0.9,6.1,9.4,0.2
5/10/2011,164,9.6,91,0,0,8,10.7,1.6
5/11/2011,181,8.3,95.4,12.4,12.3,7.5,10.4,0.7
5/12/2011,222,7.2,92.4,0.5,1,5.9,9.3,1
5/13/2011,199,9.5,87.8,0,0,7.3,10.2,2.2
5/14/2011,193,8.7,91.6,0,0,7.4,10.3,1
5/15/2011,181,6.9,93.7,7.9,7.5,5.9,9.3,0.7
5/16/2011,175,6.6,92.1,1.3,1.7,5.2,8.8,1
5/17/2011,162,6.8,97.5,4.3,4.4,6.4,9.6,0.3
5/18/2011,172,8.2,96.4,2.3,1.9,7.6,10.4,0.5
5/19/2011,182,9.3,87.8,0,0,7.1,10.1,1.9
5/20/2011,173,10.1,81,3.3,2.8,6.1,9.4,3.9
5/21/2011,177,8.5,100,2.5,2.4,8.5,11.1,0
5/22/2011,162,8.6,89.4,1,0.6,6.9,10,1.3
5/23/2011,145,7.6,95.1,2.3,2.4,6.8,9.9,0.6
5/24/2011,135,11,80.3,0,0,6.9,10,3.6
5/25/2011,161,7,99.4,19.8,19.6,6.9,10,0.1
5/26/2011,169,6,99.9,13.2,13.5,6,9.4,0
5/27/2011,261,5.4,99.9,39.1,39.7,5.4,9,0
5/28/2011,301,5.1,99,4.3,4.6,4.9,8.7,0.1
5/29/2011,244,6.1,100,2.3,2.4,6.1,9.4,0
5/30/2011,213,8,98.4,9.7,9.3,7.7,10.5,0.2
5/31/2011,212,7.7,98.2,9.9,9.1,7.4,10.3,0.3
6/1/2011,209,6.5,99.1,10.9,10.7,6.4,9.6,0.1
6/2/2011,209,7.3,98.8,2.8,3.3,7.1,10.1,0.2
6/3/2011,196,10.7,85.7,0,0,7.8,10.6,2.8
6/4/2011,198,14.6,76,0,0,9.4,11.8,5.6
6/5/2011,216,13.8,93.3,3.3,2.9,12.7,14.7,1.2
6/6/2011,221,11.6,98.3,1.3,1.2,11.3,13.4,0.3
6/7/2011,195,11,86.2,0,0,8.6,11.2,2
6/8/2011,168,10.6,81.1,0,0,7.1,10.1,2.9
6/9/2011,148,12.8,81.8,0,0,9.1,11.6,4.2
6/10/2011,145,14.2,81.6,0,0,10.8,13,3.6
6/11/2011,139,13,80.4,0,0,9.3,11.7,3.7
6/12/2011,129,11.6,90.4,8.4,8.1,9.7,12,1.9
6/13/2011,144,13.3,89.2,0.5,0.7,11.3,13.4,2.2
6/14/2011,132,13.8,78.4,0,0,9.4,11.8,4.5
6/15/2011,118,11.5,72.8,0,0,6.2,9.5,4.3
6/16/2011,105,11.2,78.1,0,0,6.9,10,4.2
6/17/2011,96,12.9,77,0,0,8.1,10.8,5.2
6/18/2011,96,10.6,96.6,6.6,7,10.1,12.4,0.4
6/19/2011,104,13.1,92.6,0,0,11.8,13.8,1.4
6/20/2011,97,16.6,83,0,0,13.2,15.2,4.5
6/21/2011,96,17.2,81.8,0,0,13.4,15.4,5.4
6/22/2011,96,16.8,83.1,0,0,13.5,15.5,4.6
6/23/2011,87,12.2,75.9,0,0,7.8,10.6,3.7
6/24/2011,73,12.1,74.8,0,0,7.1,10.1,4.6
6/25/2011,66,13,73.2,0,0,7.2,10.2,6.1
6/26/2011,62,14.7,74,0,0,9.3,11.7,6.1
6/27/2011,60,16.9,80.6,1.3,1.5,13.2,15.2,4.8
6/28/2011,65,15,98.9,12.7,12.4,14.8,16.8,0.2
6/29/2011,60,13.9,95.2,1,0.3,13.1,15.1,0.8
6/30/2011,55,12.4,88,0,0,10.2,12.4,2.1
7/1/2011,50,14.5,84.2,0,0,11.3,13.4,4.3
7/2/2011,48,17.1,80.7,0,0,13.1,15.1,5.7
7/3/2011,46,16.1,77.8,0,0,11.4,13.5,5.9
7/4/2011,44,17.15,77.6,0,0,12.05,14.1,6.4
7/5/2011,41,18.2,74.6,0,0,12.7,14.7,7.7
7/6/2011,40,19.2,76,0,0,14.2,16.2,7.3
7/7/2011,39,16.3,78.4,0,0,12.1,14.1,4.8
7/8/2011,37,15.2,74.9,0,0,10.1,12.4,6
7/9/2011,35,15,72.8,0,0,9.2,11.6,6.5
7/10/2011,33,15.8,71,0,0,9.8,12.1,7
7/11/2011,32,14.6,80.2,0,0,11,13.1,3.9
7/12/2011,32,13.2,94.2,2.8,3,12.3,14.3,0.9
7/13/2011,33,14.3,81.9,0,0,10.8,13,3.8
7/14/2011,31,15.4,75.1,0,0,10.4,12.6,5.4
7/15/2011,29,16.2,76.2,0,0,11.2,13.3,6.3
7/16/2011,31,15,96.1,5.3,5.3,14.4,16.4,0.7
7/17/2011,30,13.6,99.3,1.8,1.9,13.4,15.4,0.1
7/18/2011,29,15,97.1,3.8,3.8,14.5,16.5,0.6
7/19/2011,49,13.1,99.5,21.1,22,13.1,15.1,0.1
7/20/2011,39,14.5,93,0,0,13.2,15.2,1.6
7/21/2011,33,14.2,91.6,0,0,12.7,14.7,1.7
7/22/2011,32,15.6,86.2,0,0,12.9,14.9,3.4
7/23/2011,29,16.8,84.4,0,0,13.8,15.8,4.4
7/24/2011,28,19.2,80.1,0,0,15.2,17.3,6.1
7/25/2011,28,16.2,82.2,0,0,13,15,3.6
7/26/2011,27,15.9,80.6,0,0,12.1,14.1,4.7
7/27/2011,26,15.6,82.2,0,0,12.1,14.1,4.3
7/28/2011,25,17,82.6,0,0,13.6,15.6,4.8
7/29/2011,25,18.4,81.6,0,0,14.7,16.7,5.5
7/30/2011,24,18.4,80.5,0,0,14.6,16.6,5.6
7/31/2011,23,18.2,78.2,0,0,13.8,15.8,6.3
8/1/2011,23,18.8,80.5,0,0,14.9,16.9,5.8
8/2/2011,23,18,80.1,0,0,14.1,16.1,5.4
8/3/2011,22,17.6,79,0,0,13.4,15.4,5.7
8/4/2011,22,17.9,80.8,0,0,14.2,16.2,5.1
8/5/2011,21,18,81.9,0,0,14.5,16.5,4.6
8/6/2011,21,17.4,82.6,0,0,14,16,4.8
8/7/2011,20,17.6,82.2,0,0,14.1,16.1,4.8
8/8/2011,20,16.1,84.9,0,0,13.3,15.3,3.7
8/9/2011,20,16.3,79.7,0,0,12.5,14.5,4.5
8/10/2011,19,15.2,76.9,0,0,10.5,12.7,5.4
8/11/2011,19,15.5,75.4,0,0,10.7,12.9,5.9
8/12/2011,19,16.9,79.7,0,0,13,15,5.2
8/13/2011,19,15.3,83.4,0,0,12.3,14.3,3.7
8/14/2011,18,16.8,77.6,0,0,12.5,14.5,5.1
8/15/2011,18,15.7,78.2,0,0,11.4,13.5,5
8/16/2011,18,16.5,80.5,0,0,12.8,14.8,4.9
8/17/2011,18,16.6,74.4,0,0,11.4,13.5,6.2
8/18/2011,17,15.3,72.7,0,0,10,12.3,6.1
8/19/2011,17,16.3,81,0,0,12.8,14.8,4.6
8/20/2011,16,18.7,76.5,0,0,13.9,15.9,6.9
8/21/2011,16,19.6,76.5,0,0,15.1,17.2,6.5
8/22/2011,16,18.2,76.8,0,0,13.6,15.6,5.9
8/23/2011,16,18.2,78.8,0,0,14.1,16.1,5.7
8/24/2011,16,18.8,87.6,0.5,0.3,16.5,18.8,3.5
8/25/2011,16,20.5,84.7,0,0,17.6,20.1,4.5
8/26/2011,15,19.9,82.3,0,0,16.6,18.9,5
8/27/2011,15,19.8,83,0,0,16.6,18.9,4.9
8/28/2011,15,18.6,80.7,0,0,15,17.1,5.1
8/29/2011,15,15.6,85.4,0,0,13,15,3.2
8/30/2011,15,15,78.8,0,0,11.1,13.2,4.1
8/31/2011,14,12.3,75.3,0,0,7.9,10.7,3.8
9/1/2011,14,11.8,84.1,0,0,8.9,11.4,3
9/2/2011,14,14.1,83.3,0,0,11.1,13.2,3.5
9/3/2011,14,15.9,66.1,0,0,8.7,11.3,8
9/4/2011,14,17.1,66.8,0,0,10.4,12.6,8
9/5/2011,14,17.5,73.5,0,0,12.3,14.3,6.5
9/6/2011,14,17.5,77.5,0,0,13.2,15.2,5.6
9/7/2011,13,18.9,74.5,0,0,13.8,15.8,7
9/8/2011,13,20,76.4,0,0,15.5,17.6,6.3
9/9/2011,13,19.2,82.5,0,0,16,18.2,4.7
9/10/2011,13,18.5,69.2,0,0,11.7,13.8,8.6
9/11/2011,13,18.8,69.5,0,0,12.7,14.7,8
9/12/2011,13,17.5,81,0,0,13.9,15.9,4.5
9/13/2011,13,16.7,85.5,0,0,14.1,16.1,3.3
9/14/2011,13,15,89.9,0,0,13.3,15.3,1.8
9/15/2011,13,13.9,84.1,0,0,11.1,13.2,2.7
9/16/2011,13,11.7,84.5,0,0,8.9,11.4,2.6
9/17/2011,13,12.7,83.1,0,0,9.7,12,3
9/18/2011,13,15.2,80,0,0,11.6,13.7,3.9
9/19/2011,13,14.7,84.7,0,0,12,14,3
9/20/2011,13,14.6,81.7,0,0,11.1,13.2,3.9
9/21/2011,13,15.2,78.8,0,0,11.1,13.2,4.7
9/22/2011,13,15.1,76.4,0,0,10.7,12.9,4.9
9/23/2011,12,15.5,76.8,0,0,11.1,13.2,5.1
9/24/2011,12,16.4,76.3,0,0,11.8,13.8,5.5
9/25/2011,13,12.2,95.3,5.3,5.4,11.5,13.6,0.7
9/26/2011,14,12.1,97.7,0,0,11.8,13.8,0.4
9/27/2011,13,12,98.7,3,2.6,11.8,13.8,0.2
9/28/2011,13,10.5,94.2,0,0,9.6,12,0.9
9/29/2011,13,13.5,86.7,0,0,11.1,13.2,2.8
9/30/2011,12,14.4,88.5,0,0,12.4,14.4,2.2
10/1/2011,12,13.4,89,0,0,11.6,13.7,1.8
10/2/2011,13,12.1,99.8,0,7.9,12.1,14.1,0
10/3/2011,14,10.4,99.9,7.9,10.3,10.4,12.6,0
10/4/2011,17,9.3,100,9.9,15.5,9.3,11.7,0
10/5/2011,21,6.9,99.9,0,10.9,6.8,9.9,0
10/6/2011,17,7.4,100,0,2.1,7.4,10.3,0
10/7/2011,15,9.5,100,0,2.2,9.5,11.9,0
10/8/2011,14,9.9,100,0,0,9.9,12.2,0
10/9/2011,14,11.2,99.8,0,0.4,11.1,13.2,0
10/10/2011,26,11.1,100,0,31.7,11.1,13.2,0
10/11/2011,39,9.8,100,77,14,9.8,12.1,0
10/12/2011,26,8.8,100,0,0,8.8,11.3,0
10/13/2011,19,9,99.9,0,0,9,11.5,0
10/14/2011,17,12,99.5,0,0.2,12,14,0.1
10/15/2011,15,13.4,99,1.8,1.7,13.2,15.2,0.2
10/16/2011,16,11.3,100,4.6,4.4,11.3,13.4,0
10/17/2011,15,7.2,99.5,0,0,7.1,10.1,0.1
10/18/2011,15,9.3,97.7,0,0,9,11.5,0.4
10/19/2011,14,9.6,98.3,0,0,9.4,11.8,0.2
10/20/2011,14,9.5,97.9,0,0,9.2,11.6,0.3
10/21/2011,14,11.1,97.3,0,0,10.7,12.9,0.4
10/22/2011,14,10.7,98.3,0,0,10.5,12.7,0.3
10/23/2011,13,10.9,98.3,0,0,10.7,12.9,0.3
10/24/2011,13,6.5,93.3,0,0,5.4,9,0.7
10/25/2011,13,2.5,95.5,0,0,1.8,7,0.4
10/26/2011,13,3.5,91.9,0,0,2.3,7.2,0.8
10/27/2011,13,3.7,95.6,0,0,3,7.6,0.4
10/28/2011,13,5.7,96.1,9.9,9.7,5.1,8.8,0.5
10/29/2011,17,10.2,100,4.6,4.9,10.2,12.4,0
10/30/2011,16,11.9,100,9.7,9.9,11.9,13.9,0
10/31/2011,20,6.1,100,0,0.6,6.1,9.4,0
11/1/2011,17,1.9,100,0,0,1.9,7,0
11/2/2011,16,2.5,99.3,0,0.2,2.4,7.3,0.1
11/3/2011,17,2.6,100,6.4,6.9,2.6,7.4,0
11/4/2011,16,2.1,100,0,0.1,2.1,7.1,0
11/5/2011,16,2.7,100,9.7,10.3,2.7,7.4,0
11/6/2011,17,3.7,100,0,0.5,3.7,8,0
11/7/2011,16,4.2,100,1.5,1.5,4.2,8.3,0
11/8/2011,16,4.3,100,0,0.2,4.3,8.3,0
11/9/2011,15,4.7,100,0,0,4.7,8.5,0
11/10/2011,15,3.2,99.8,0,0,3.1,7.6,0
11/11/2011,15,3.2,98.8,4.8,5,3,7.6,0.1
11/12/2011,17,4.1,100,12.4,11.9,4.1,8.2,0
11/13/2011,23,5.6,100,4.6,4.7,5.6,9.1,0
11/14/2011,27,5.6,100,11.7,11.5,5.6,9.1,0
11/15/2011,29,4.8,100,0.8,0.1,4.8,8.6,0
11/16/2011,37,4.4,100,41.1,41.5,4.4,8.4,0
11/17/2011,194,4.7,100,38.9,37.9,4.7,8.5,0
11/18/2011,111,0.2,100,27.9,27.2,0.2,6.2,0
11/19/2011,71,0.2,100,11.9,10.9,0.2,6.2,0
11/20/2011,52,-0.7,100,0,0,-0.7,5.8,0
11/21/2011,62,1.1,100,25.7,26.5,1.1,6.6,0
11/22/2011,328,4,100,24.1,24.4,4,8.1,0
11/23/2011,237,4.3,100,13,12.3,4.3,8.3,0
11/24/2011,183,2.4,100,23.4,23.4,2.4,7.3,0
11/25/2011,201,2.8,100,1.8,1.5,2.8,7.5,0
11/26/2011,141,4.3,100,0,0.4,4.3,8.3,0
11/27/2011,121,4.7,100,4.6,4.8,4.7,8.5,0
11/28/2011,116,6.2,100,0.5,0.7,6.2,9.5,0
11/29/2011,101,4.7,100,0.5,0.7,4.7,8.5,0
11/30/2011,92,3.4,100,5.6,5.8,3.4,7.8,0
12/1/2011,80,0.2,100,0,0.1,0.2,6.2,0
12/2/2011,71,0,100,0,0,0,6.1,0
12/3/2011,64,-0.4,100,0,0,-0.4,5.9,0
12/4/2011,57,-1.7,100,0,0,-1.7,5.4,0
12/5/2011,52,-1.8,100,0,0.1,-1.8,5.4,0
12/6/2011,48,-1.4,100,0,0.3,-1.4,5.5,0
12/7/2011,45,-1.1,100,0,0,-1.1,5.6,0
12/8/2011,43,-0.9,100,0,0.2,-0.9,5.7,0
12/9/2011,41,-0.2,99.4,0,0,-0.3,6,0
12/10/2011,39,-0.7,99.8,0,0,-0.8,5.8,0
12/11/2011,38,0.4,100,0,0,0.4,6.3,0
12/12/2011,36,-1.6,96.3,0,0,-2.1,5.2,0.2
12/13/2011,35,-2.7,98.2,0,0,-3,4.9,0.1
12/14/2011,34,-1.5,99.3,3.8,3.5,-1.6,5.4,0
12/15/2011,34,1.6,100,1.5,1.2,1.6,6.9,0
12/16/2011,32,0.5,100,0,0,0.5,6.3,0
12/17/2011,31,1.3,100,0,0.3,1.3,6.7,0
12/18/2011,31,1.3,100,0.5,0.4,1.3,6.7,0
12/19/2011,31,0.3,100,0,0,0.3,6.2,0
12/20/2011,30,0.3,100,0,0,0.3,6.2,0
12/21/2011,29,-1.1,100,0,0,-1.1,5.6,0
12/22/2011,29,-2.7,97.5,0,0,-3,4.9,0.2
12/23/2011,28,-1.7,97.8,0,0,-2.1,5.2,0.1
12/24/2011,27,-0.3,98.9,0,0,-0.5,5.9,0.1
12/25/2011,29,1.1,100,8.4,9.2,1.1,6.6,0
12/26/2011,29,1.4,100,0.8,0.7,1.4,6.8,0
12/27/2011,32,3.1,100,37.1,36.6,3.1,7.6,0
12/28/2011,749,8,100,109.2,108.4,8,10.7,0
12/29/2011,1080,7.2,100,62.7,60.9,7.2,10.2,0
12/30/2011,1920,4.8,100,48.5,50,4.8,8.6,0
12/31/2011,694,0.8,100,0,0.2,0.8,6.5,0
1/1/2012,348,2.4,100,0,0.6,2.4,7.3,0
1/2/2012,228,4,100,0,1.2,4,8.1,0
1/3/2012,164,4.7,100,0,0,4.7,8.5,0
1/4/2012,127,3.9,100,0,2.7,3.9,8.1,0
1/5/2012,113,4.4,100,2.3,3.3,4.4,8.4,0
1/6/2012,96,1,100,3.8,1,1,6.6,0
1/7/2012,84,1.4,100,1,0.7,1.4,6.8,0
1/8/2012,75,0.6,100,0,0.3,0.6,6.4,0
1/9/2012,68,1.9,100,0.5,0.2,1.9,7,0
1/10/2012,63,1.7,100,2.5,1.5,1.7,6.9,0
1/11/2012,58,-0.9,100,0,0,-0.9,5.7,0
1/12/2012,54,-1.3,100,0,0.1,-1.3,5.6,0
1/13/2012,50,-0.2,99.8,0,0,-0.2,6,0
1/14/2012,48,0.2,100,3,3.3,0.2,6.2,0
1/15/2012,47,-1,99.9,13.5,15.6,-1,5.7,0
1/16/2012,44,-1.7,99.2,4.1,4.8,-1.8,5.4,0
1/17/2012,46,-0.5,100,31.2,39.3,-0.5,5.9,0
1/18/2012,257,-0.1,100,136.4,130.7,-0.1,6.1,0
1/19/2012,1810,1.8,100,90.9,89.8,1.8,7,0
1/20/2012,1230,2.1,100,21.3,20.4,2.1,7.1,0
1/21/2012,818,1.7,100,37.1,35.4,1.7,6.9,0
1/22/2012,454,0.6,100,11.9,11.5,0.6,6.4,0
1/23/2012,315,0.6,100,0,0,0.6,6.4,0
1/24/2012,679,0.5,100,81,87.6,0.5,6.3,0
1/25/2012,1280,5.5,100,19.6,19.4,5.5,9,0
1/26/2012,916,2.3,100,24.4,22.7,2.3,7.2,0
1/27/2012,493,-1.3,100,0,0,-1.3,5.6,0
1/28/2012,294,-0.8,100,0,0,-0.8,5.8,0
1/29/2012,221,2.7,100,28.2,27.6,2.7,7.4,0
1/30/2012,290,4.2,100,0.8,0.7,4.2,8.3,0
1/31/2012,217,3.5,100,0.3,0.1,3.5,7.9,0
2/1/2012,190,3.2,100,19.3,18.9,3.2,7.7,0
2/2/2012,158,1.3,100,0,0,1.3,6.7,0
2/3/2012,130,0.7,100,0,0.2,0.7,6.4,0
2/4/2012,107,0.8,99,0,0,0.7,6.4,0.1
2/5/2012,91,1.1,98,0,0,0.8,6.5,0.2
2/6/2012,80,0.9,96.3,0,0,0.4,6.3,0.3
2/7/2012,71,2.2,97.9,1,2,1.9,7,0.2
2/8/2012,74,4.5,100,23.9,23.1,4.5,8.4,0
2/9/2012,89,6.4,100,0,0.8,6.4,9.6,0
2/10/2012,97,6.7,100,14.2,13.2,6.7,9.8,0
2/11/2012,114,4.3,100,1,0.5,4.3,8.3,0
2/12/2012,100,1.6,100,0,0,1.6,6.9,0
2/13/2012,87,2.7,99.7,0,0.3,2.7,7.4,0
2/14/2012,77,0.7,100,7.1,8.6,0.7,6.4,0
2/15/2012,67,0.1,100,0.8,0.8,0.1,6.2,0
2/16/2012,61,2.2,100,2,2.1,2.2,7.2,0
2/17/2012,63,4.9,100,16.3,15.2,4.9,8.7,0
2/18/2012,80,1.1,100,16.3,16.4,1.1,6.6,0
2/19/2012,74,0.4,100,4.8,4.7,0.4,6.3,0
2/20/2012,106,1.7,100,37.3,36.3,1.7,6.9,0
2/21/2012,276,5.8,100,9.9,10.8,5.8,9.2,0
2/22/2012,525,5.6,100,25.7,25.3,5.6,9.1,0
2/23/2012,472,1.7,100,1.5,1.3,1.7,6.9,0
2/24/2012,333,2.1,100,17.3,17.2,2.1,7.1,0
2/25/2012,276,-0.1,100,28.7,28.7,-0.1,6.1,0
2/26/2012,224,0,99.9,1.5,1.6,0,6.1,0
2/27/2012,190,-0.7,100,0,0,-0.7,5.8,0
2/28/2012,167,-0.1,99.8,15.2,15,-1.2,5.6,0
2/29/2012,153,-0.2,100,20.6,24.1,-0.3,6,0
3/1/2012,138,0,99.5,18.8,9.3,-0.1,6.1,0
3/2/2012,122,0.3,100,0.5,0.3,0.3,6.2,0
3/3/2012,122,1,100,1.3,0.6,1,6.6,0
3/4/2012,135,1,100,0,0,1,6.6,0
3/5/2012,157,0.2,100,26.7,23.3,0.2,6.2,0
3/6/2012,170,-0.8,99.9,5.1,3.9,-0.8,5.8,0
3/7/2012,149,-1.1,99.6,0,0.1,-1.2,5.6,0
3/8/2012,140,0.9,99.5,0,0,0.8,6.5,0.1
3/9/2012,155,1.5,97.5,0,0,1.2,6.7,0.2
3/10/2012,177,2.8,100,2.5,2.8,2.8,7.5,0
3/11/2012,221,1,100,22.9,22.6,1,6.6,0
3/12/2012,213,1.3,100,9.4,9.5,1.3,6.7,0
3/13/2012,216,0.5,100,11.9,11.9,0.5,6.3,0
3/14/2012,206,0.9,100,28.2,28.2,0.8,6.5,0
3/15/2012,487,3.3,100,42.4,41.9,3.3,7.7,0
3/16/2012,743,3.3,100,15,14.4,3.3,7.7,0
3/17/2012,501,1.4,100,11.2,10,1.4,6.8,0
3/18/2012,359,0.2,99.7,4.6,4.8,0.1,6.2,0
3/19/2012,273,-0.4,99.2,13.7,14.1,-0.5,5.9,0.1
3/20/2012,354,0.3,100,67.6,65.7,0.3,6.2,0
3/21/2012,525,-0.1,100,76.5,73.4,-0.1,6.1,0
3/22/2012,552,0.7,100,5.6,3.6,0.7,6.4,0
3/23/2012,388,1.2,100,0.5,1.1,1.2,6.7,0
3/24/2012,300,2.5,98.9,0,0,2.3,7.2,0.1
3/25/2012,264,2.5,99.7,1.3,2,2.5,7.3,0
3/26/2012,233,2.7,99,0,0.2,2.6,7.4,0.1
3/27/2012,211,3.9,100,5.1,7.9,3.9,8.1,0
3/28/2012,209,4,100,3,3.2,4,8.1,0
3/29/2012,279,5.1,100,43.2,43.4,5.1,8.8,0
3/30/2012,1670,5,100,70.4,69.5,5,8.7,0
3/31/2012,1130,3.5,100,21.3,21.1,3.5,7.9,0
4/1/2012,652,1.6,100,24.9,24.6,1.6,6.9,0
4/2/2012,469,3.6,100,0,0.8,3.6,7.9,0
4/3/2012,380,2.8,100,7.4,7.6,2.8,7.5,0
4/4/2012,300,1.3,100,13.2,12.6,1.3,6.7,0
4/5/2012,257,1.3,99.7,5.8,5.7,1.3,6.7,0
4/6/2012,219,1.4,99.7,2,2.3,1.4,6.8,0
4/7/2012,190,3.2,97.7,0,0.3,2.8,7.5,0.2
4/8/2012,172,6.4,91.9,0,0,5.1,8.8,1
4/9/2012,167,7,91.4,0,0,5.6,9.1,1.1
4/10/2012,176,7.7,94.8,0,0,6.9,10,0.6
4/11/2012,199,6,99.2,12.4,12,5.8,9.2,0.1
4/12/2012,215,4.1,99.7,4.6,4.4,4.1,8.2,0
4/13/2012,198,4.7,99.4,0.3,0.5,4.6,8.5,0.1
4/14/2012,180,7,90.6,0,0,5.3,8.9,1.2
4/15/2012,169,7.7,89.1,4.1,3.7,5.8,9.2,1.5
4/16/2012,304,7.5,100,34.5,34.3,7.5,10.4,0
4/17/2012,371,5.9,100,12.4,13,5.9,9.3,0
4/18/2012,379,7.3,99.8,14.7,14.8,7.3,10.2,0
4/19/2012,484,8.6,100,34.3,33.8,8.6,11.2,0
4/20/2012,664,10.9,98.8,0,0,10.7,12.9,0.2
4/21/2012,522,11.5,94.2,0,0,10.5,12.7,1.1
4/22/2012,477,13.6,90.4,0,0,11.9,13.9,2.1
4/23/2012,483,14.1,92.4,10.4,10.7,12.7,14.7,1.9
4/24/2012,453,11.6,96.3,0,0,11.1,13.2,0.6
4/25/2012,342,11.2,98.5,21.1,22.1,10.9,13,0.2
4/26/2012,393,5.7,99.6,35.1,35.2,5.7,9.2,0
4/27/2012,356,6,99.5,3.8,4.2,5.9,9.3,0.1
4/28/2012,304,8.9,95.7,0,0,8.2,10.9,0.6
4/29/2012,260,10.9,90.7,0,0,9.2,11.6,1.6
4/30/2012,314,8.5,99.7,20.6,20,8.5,11.1,0
5/1/2012,302,5.2,96.8,5.3,5,4.6,8.5,0.3
5/2/2012,242,6,97.1,4.3,4.7,5.5,9,0.3
5/3/2012,272,6.9,99.9,22.1,22.3,6.9,10,0
5/4/2012,292,4.8,99.5,6.1,6.2,4.7,8.5,0.1
5/5/2012,253,5.1,96.2,0,0,4.5,8.4,0.4
5/6/2012,218,7.8,90.2,0,0,6.1,9.4,1.6
5/7/2012,193,11.5,83.7,0,0,8.4,11,3.3
5/8/2012,189,13.2,83,0,0,9.9,12.2,3.7
5/9/2012,180,9.3,71.6,0,0,3.9,8.1,3.6
5/10/2012,158,7.1,72.3,0,0,1.4,6.8,4.1
5/11/2012,140,10.2,69.6,0,0,3.4,7.8,5.9
5/12/2012,131,13.7,67.7,0,0.1,6.9,10,7.2
5/13/2012,136,16.7,68.3,0,0,9.6,12,8.6
5/14/2012,145,16.1,77,0,0,11.7,13.8,5.4
5/15/2012,144,15.3,82.4,0,0,12,14,4.2
5/16/2012,133,14.7,70.4,0,0,7.8,10.6,6.7
5/17/2012,115,10.6,62.8,0,0,2.1,7.1,5.9
5/18/2012,100,9.5,66.7,0,0,2.3,7.2,5.5
5/19/2012,90,10.5,70.8,0,0,4.9,8.7,4.6
5/20/2012,84,14.5,74.6,0,0,9.8,12.1,4.9
5/21/2012,90,11.3,96.8,15.7,16.2,10.8,13,0.5
5/22/2012,115,8.3,99.9,14.7,16.1,8.3,11,0
5/23/2012,109,7.3,99.1,10.7,9.4,7.1,10.1,0.1
5/24/2012,132,6,100,27.2,27.7,6,9.4,0
5/25/2012,138,8.1,99.1,2.3,2.1,7.9,10.7,0.1
5/26/2012,122,10.4,95.6,0.5,0.7,9.7,12,0.7
5/27/2012,107,12,88.5,0.5,0.4,9.9,12.2,2.1
5/28/2012,97,11.2,88.9,0,0,9.3,11.7,1.7
5/29/2012,87,12.1,79.8,0,0,8.2,10.9,3.7
5/30/2012,80,13.9,77.4,0,0,9.1,11.6,5.2
5/31/2012,76,16.2,79.4,0,0,12,14,5.2
6/1/2012,73,16.7,84,4.8,2.5,13.5,15.5,4.2
6/2/2012,78,13.6,91,2.8,5.8,12.1,14.1,1.5
6/3/2012,70,11.5,90,7.9,6.9,9.8,12.1,1.4
6/4/2012,88,10.1,99.8,33.5,34.5,10.1,12.4,0
6/5/2012,122,6.6,99.3,14,13,6.5,9.7,0.1
6/6/2012,114,9.4,91.7,0.8,1,7.9,10.7,1.3
6/7/2012,122,9.2,99.5,18.8,18.3,9.1,11.6,0.1
6/8/2012,154,6.6,99.1,21.8,21.3,6.5,9.7,0.1
6/9/2012,185,7.1,97.7,1,0.9,6.7,9.8,0.3
6/10/2012,163,10.9,87.2,0,0,8.6,11.2,2.5
6/11/2012,134,13.3,85.6,0,0,10.6,12.8,3.2
6/12/2012,115,13.3,95.8,0,1.2,12.6,14.6,0.7
6/13/2012,103,14.2,81.9,0,0,10.7,12.9,3.6
6/14/2012,91,13.2,76.6,0,0,8.3,11,5
6/15/2012,82,15.3,77.2,0,0,10.6,12.8,5.9
6/16/2012,76,18.4,79.4,0,0,14.2,16.2,6.2
6/17/2012,70,18.4,72.2,0,0,12.7,14.7,6.7
6/18/2012,68,9.9,96.5,11.4,10.6,9.4,11.8,0.5
6/19/2012,64,9.5,96.8,0,0,9,11.5,0.4
6/20/2012,59,13.6,84.5,0,0,10.5,12.7,4
6/21/2012,56,16.4,80.9,0,0,12.5,14.5,5.2
6/22/2012,55,12.1,92.5,8.6,8.6,10.9,13,1.2
6/23/2012,68,9.9,96.2,14.7,15.5,9.3,11.7,0.6
6/24/2012,67,10.8,94.8,3,3.4,10,12.3,0.8
6/25/2012,61,9.8,97.6,7.6,8.1,9.4,11.8,0.3
6/26/2012,74,9.9,98.4,9.1,9.9,9.7,12,0.3
6/27/2012,71,12.4,90.4,0,0,10.6,12.8,2.2
6/28/2012,65,14.3,89.1,0,0,12.4,14.4,2.3
6/29/2012,60,16,90.3,0,0,14.4,16.4,1.9
6/30/2012,57,15.7,96.2,2.8,1.9,15.1,17.2,0.8
7/1/2012,56,16.7,87.2,0,0,14.4,16.4,3
7/2/2012,52,16.7,80.3,0,0,12.9,14.9,4.6
7/3/2012,50,12.9,85.3,1.3,1,10.1,12.4,2.6
7/4/2012,48,13.7,82.8,0,0,10.4,12.6,3.9
7/5/2012,46,15.9,81.6,0,0,12.2,14.2,4.9
7/6/2012,44,17.6,82.6,0,0,14.2,16.2,4.8
7/7/2012,42,19.5,82.8,0,0,16.1,18.3,5.5
7/8/2012,40,20.8,82.8,0,0,17.5,20,5.6
7/9/2012,39,20.6,82.5,0,0,17.2,19.6,5.5
7/10/2012,37,19.1,82.7,0,0,15.7,17.8,5.2
7/11/2012,36,19.9,81.8,0,0,16.2,18.4,5.9
7/12/2012,35,19.4,79,0,0,15.1,17.2,6.3
7/13/2012,33,18.7,77.5,0,0,14,16,6.8
7/14/2012,32,18.3,81.2,0,0,14.6,16.6,5.2
7/15/2012,32,16,84.5,0,0,13.3,15.3,3.1
7/16/2012,31,14.4,89.7,0,0,12.7,14.7,1.8
7/17/2012,31,17,87,0,0,14.6,16.6,3.1
7/18/2012,31,15.6,94.8,2,2.1,14.7,16.7,1
7/19/2012,30,18.7,86.6,0,0.3,16.1,18.3,3.8
7/20/2012,29,17.2,83.9,0,0.6,14.2,16.2,3.7
7/21/2012,28,17.6,81.2,0,0,14,16,5
7/22/2012,27,14.6,85.9,0,0,12.1,14.1,2.7
7/23/2012,27,14.7,81.5,0,0,11.1,13.2,4.5
7/24/2012,26,16.3,82.7,0,0,13,15,4.6
7/25/2012,25,18.7,81.5,0,0,15,17.1,5.6
7/26/2012,25,19.7,77.9,0,0,15,17.1,7
7/27/2012,24,16.9,81.6,0,0,13.5,15.5,4.1
7/28/2012,24,16.5,79.4,0,0,12.3,14.3,5.6
7/29/2012,23,16.3,82.8,0,0,13,15,4.3
7/30/2012,23,16.9,81.5,0,0,13.3,15.3,4.7
7/31/2012,22,16.8,81,0,0,13.1,15.1,5
8/1/2012,22,16.8,77.9,0,0,12.3,14.3,5.9
8/2/2012,21,16.9,77.8,0,0,12.4,14.4,5.8
8/3/2012,21,18.8,68.6,0,0,11.7,13.8,9.8
8/4/2012,20,21.5,63,0,0,13.2,15.2,12.1
8/5/2012,20,20.1,76.9,1,0.6,15.3,17.4,7
8/6/2012,20,19.8,84.1,0,0.6,16.6,18.9,5.1
8/7/2012,19,19.9,79.4,0,0,15.8,18,6.1
8/8/2012,19,17.7,77.2,0,0,13.2,15.2,5.8
8/9/2012,19,16.9,83.9,0,0,13.9,15.9,3.9
8/10/2012,18,17,84.4,0,0,14,16,4
8/11/2012,18,18.2,81.3,0,0,14.5,16.5,5.4
8/12/2012,18,19.9,78.5,0,0,15.6,17.7,6.6
8/13/2012,17,20.7,79.4,0,0,16.6,18.9,6.5
8/14/2012,17,20,76.2,0,0,15.1,17.2,7.3
8/15/2012,17,21.3,76.8,0,0,16.6,18.9,7.6
8/16/2012,16,21.1,75.4,0,0,16.2,18.4,7.4
8/17/2012,16,21.5,75.3,0,0,16.4,18.7,8.1
8/18/2012,16,19.7,90.2,1,2.1,18,20.6,2.5
8/19/2012,16,17.3,77.8,0,0,13.1,15.1,5.3
8/20/2012,15,16.8,76.4,0,0,12.4,14.4,5.6
8/21/2012,15,17.6,78.5,0.3,0,13.4,15.4,5.4
8/22/2012,15,16,79,0,0,12,14,5
8/23/2012,15,14.2,77.8,0,0,10,12.3,4.6
8/24/2012,15,13.7,80.8,0,0,10.1,12.4,3.9
8/25/2012,14,14.7,79.2,0,0,10.8,13,4.5
8/26/2012,14,15,77.1,0,0,10.6,12.8,4.7
8/27/2012,14,15.9,77.4,0,0,11.8,13.8,4.8
8/28/2012,14,15.9,72,0,0,10.7,12.9,5.3
8/29/2012,14,14,77.5,0,0,9.8,12.1,4.3
8/30/2012,14,14,82.3,0,0,10.7,12.9,3.7
8/31/2012,14,13.9,82.7,0,0,10.8,13,3.5
9/1/2012,13,12.8,80.3,0,0,9.2,11.6,3.8
9/2/2012,13,12.8,80.3,0,0,9.2,11.6,3.8
9/3/2012,13,14.1,80.5,0,0,10.5,12.7,4.1
9/4/2012,13,15.3,81.1,0,0,11.7,13.8,4.2
9/5/2012,13,16.3,79.8,0,0,12.4,14.4,4.8
9/6/2012,13,16.6,75.4,0,0,11.7,13.8,6
9/7/2012,12,18,63.8,0,0,10.3,12.5,9.3
9/8/2012,12,16.9,71.6,0,0,11.5,13.6,6.2
9/9/2012,12,13.3,78.7,0,0,9.6,12,3.5
9/10/2012,12,12.9,81,0,0,9.6,12,3.1
9/11/2012,12,10.5,84.8,0,0,7.8,10.6,2.5
9/12/2012,12,13,68.1,0,0,6.4,9.6,6.5
9/13/2012,12,15.9,59.6,0,0,7.1,10.1,9.4
9/14/2012,11,16.9,66.6,0,0,10.2,12.4,7.9
9/15/2012,11,15.9,72,0,0,10.5,12.7,6.1
9/16/2012,11,14.2,77.1,0,0,9.9,12.2,4.6
9/17/2012,11,15.4,66.8,0,0,8.5,11.1,7.6
9/18/2012,11,15.6,72.3,0,0,10.3,12.5,5.9
9/19/2012,11,15.2,80.4,0,0,11.6,13.7,4.1
9/20/2012,11,14.3,83.7,0,0,11.4,13.5,3.2
9/21/2012,11,13.3,85.7,0,0,10.9,13,2.2
9/22/2012,11,13.4,85.6,1,0.9,11,13.1,2.4
9/23/2012,11,12.1,93.2,0,0.3,10.9,13,1.1
9/24/2012,11,11.8,90.6,0,0,10.2,12.4,1.6
9/25/2012,11,12.1,90.2,0,0,10.5,12.7,1.7
9/26/2012,11,11.6,88.1,0,0,9.5,11.9,2.1
9/27/2012,11,13.8,77.2,0,0,9.4,11.8,4.7
9/28/2012,11,15.3,78.3,0,0,11.4,13.5,4.2
9/29/2012,11,14.2,82.5,0,0,11.1,13.2,3.3
9/30/2012,11,13.2,86.6,0,0,10.9,13,2.5
10/1/2012,11,13.3,79,0,0,9.4,11.8,4.2
10/2/2012,11,12,82.7,0,0,8.9,11.4,2.9
10/3/2012,10,9.3,62.3,0,0,1.2,6.7,5.6
10/4/2012,10,8.8,60.9,0,0,1.2,6.7,5.3
10/5/2012,10,8.7,57.5,0,0,0.1,6.2,5.7
10/6/2012,10,8.7,58,0,0,0.3,6.2,5.7
10/7/2012,10,9.2,60.9,0,0,1.3,6.7,5.6
10/8/2012,10,8.1,73.4,0,0,3.3,7.7,3.5
10/9/2012,10,8.1,82,0,0,5,8.7,2.5
10/10/2012,10,9.1,86.7,0,0,6.8,9.9,2
10/11/2012,10,9.1,86.5,0,0,6.7,9.8,2.1
10/12/2012,11,7.9,94.7,16.8,15.4,7,10,0.7
10/13/2012,16,10.9,100,5.8,7.2,10.9,13,0
10/14/2012,13,11.5,100,10.7,9.9,11.5,13.6,0
10/15/2012,41,12.9,100,84.3,82.2,12.9,14.9,0
10/16/2012,89,8.7,100,6.9,9,8.7,11.3,0
10/17/2012,29,5.8,100,0,0,5.8,9.2,0
10/18/2012,21,7.3,99.5,0,0,7.2,10.2,0.1
10/19/2012,20,9.5,100,15.7,15.6,9.5,11.9,0
10/20/2012,34,5.5,100,8.6,7.6,5.5,9,0
10/21/2012,31,4.1,100,13.5,13.1,4.1,8.2,0
10/22/2012,44,2.9,100,21.6,22.1,2.9,7.5,0
10/23/2012,44,3,100,6.4,8,2.9,7.5,0
10/24/2012,42,3.3,100,10.9,11,3.3,7.7,0
10/25/2012,39,3.6,100,0,0,3.6,7.9,0
10/26/2012,33,5,100,2,2,5,8.7,0
10/27/2012,62,6.4,100,33.5,33.2,6.4,9.6,0
10/28/2012,284,10.6,100,35.3,35.1,10.6,12.8,0
10/29/2012,393,11.9,100,27.9,27.1,11.9,13.9,0
10/30/2012,202,10.6,100,0,0,10.6,12.8,0
10/31/2012,118,7.7,100,9.9,10.1,7.7,10.5,0
11/1/2012,111,7.3,100,14.5,14.4,7.3,10.2,0
11/2/2012,105,7.2,100,7.9,7.8,7.2,10.2,0
11/3/2012,93,9.3,100,3.3,3.5,9.4,11.8,0
11/4/2012,78,10,100,0,0,10,12.3,0
11/5/2012,67,9.6,100,0,0.2,9.6,12,0
11/6/2012,59,8.2,100,0,0.2,8.2,10.9,0
11/7/2012,54,5.1,100,1.3,1.3,5.1,8.8,0
11/8/2012,50,1.8,100,6.6,6.3,1.8,7,0
11/9/2012,49,0.5,100,11.9,12,0.5,6.3,0
11/10/2012,47,-0.1,100,0.5,0.6,-0.1,6.1,0
11/11/2012,44,0.8,100,4.8,4.8,0.8,6.5,0
11/12/2012,126,3.5,100,39.4,40,3.5,7.9,0
11/13/2012,161,3.65,100,1.5,1.1,3.65,7.95,0
11/14/2012,119,3.8,100,0,0,3.8,8,0
11/15/2012,94,1.8,100,0,0.1,1.8,7,0
11/16/2012,80,3.7,100,0,0.4,3.7,8,0
11/17/2012,84,3.7,100,22.4,21.7,3.7,8,0
11/18/2012,88,3.3,100,4.3,4.9,3.3,7.7,0
11/19/2012,125,6.7,100,56.4,55,6.7,9.8,0
11/20/2012,1060,4.2,100,76.7,91.9,4.2,8.3,0
11/21/2012,833,2.3,100,36.1,39,2.3,7.2,0
11/22/2012,473,0.9,100,0,0,0.9,6.5,0
11/23/2012,321,2.6,100,19.3,17.4,2.6,7.4,0
11/24/2012,424,5.3,100,26.7,26.9,5.3,8.9,0
11/25/2012,387,1.6,100,0,0,1.6,6.9,0
11/26/2012,287,0.2,100,0,0.3,0.2,6.2,0
11/27/2012,220,1.8,100,0,0.2,1.8,7,0
11/28/2012,178,4.1,100,0,0.4,4.1,8.2,0
11/29/2012,180,4.4,100,31,30.1,4.4,8.4,0
11/30/2012,292,5.9,100,17.8,17.2,5.9,9.3,0
12/1/2012,345,5,100,43.9,43.1,5,8.7,0
12/2/2012,686,3.7,100,41.9,43.2,3.7,8,0
12/3/2012,523,4.5,100,12.2,11.9,4.5,8.4,0
12/4/2012,1670,7.2,100,99.6,100.5,7.2,10.2,0
12/5/2012,1510,3.9,100,4.8,4.3,3.9,8.1,0
12/6/2012,623,2.1,100,2.3,2.5,2.1,7.1,0
12/7/2012,397,2.9,100,10.4,10.3,2.9,7.5,0
12/8/2012,293,1.8,100,2.5,2.6,1.8,7,0
12/9/2012,225,2.3,100,4.1,4.3,2.3,7.2,0
12/10/2012,199,3.6,100,0.5,0.7,3.6,7.9,0
12/11/2012,177,0.5,100,13.7,13.9,0.5,6.3,0
12/12/2012,165,0.4,100,4.6,4.7,0.4,6.3,0
12/13/2012,145,-1.1,100,5.1,0,-1.1,5.6,0
12/14/2012,129,-1.2,100,0,5.2,-1.2,5.6,0
12/15/2012,116,-1.7,100,20.1,20.9,-1.7,5.4,0
12/16/2012,120,-1.5,100,31.8,29.8,-1.4,5.5,0
12/17/2012,338,-0.8,100,35.8,36.2,-0.8,5.8,0
12/18/2012,246,-1.7,100,18.5,12.2,-1.7,5.4,0
12/19/2012,183,-1.6,100,7.6,4.1,-1.6,5.4,0
12/20/2012,158,-1.6,100,27.2,12.1,-1.6,5.4,0
12/21/2012,139,-1.633333333,100,17,42.5,-1.633333333,5.4,0
12/22/2012,138,-1.666666667,100,8.9,8.8,-1.666666667,5.4,0
12/23/2012,142,-1.7,100,30,28.6,-1.7,5.4,0
12/24/2012,137,-1.4,100,8.1,5.7,-1.4,5.5,0
12/25/2012,130,-1.7,100,31,29.8,-1.7,5.4,0
12/26/2012,135,-1.3,100,16.8,15.7,-1.3,5.6,0
12/27/2012,150,-1.7,100,3.8,2.9,-1.7,5.4,0
12/28/2012,128,-1.8,100,0,0,-1.8,5.4,0
12/29/2012,109,-2,100,0,0.7,-2,5.3,0
12/30/2012,95,-2.5,100,0,0,-2.5,5.1,0
12/31/2012,84,-2.3,100,0,0,-2.3,5.2,0
1/1/2013,76,-2.9,100,0,0,-2.9,4.9,0
1/2/2013,71,-2.8,100,0,0,-2.8,5,0
1/3/2013,66,-2.4,100,1,1.3,-2.4,5.1,0
1/4/2013,65,-1.1,100,1.8,2,-1.1,5.6,0
1/5/2013,66,-1.2,100,1,1.3,-1.2,5.6,0
1/6/2013,66,-0.9,100,1.3,1,-0.9,5.7,0
1/7/2013,116,-0.2,100,32.5,33.4,-0.2,6,0
1/8/2013,236,-0.1,100,16.3,15.1,-0.2,6,0
1/9/2013,281,-0.7,100,18.5,19,-0.7,5.8,0
1/10/2013,235,-1.6,100,4.1,4.1,-1.6,5.4,0
1/11/2013,183,-2.6,100,1.8,1.6,-2.6,5,0
1/12/2013,147,-4.2,99.7,0,0,-4.2,4.5,0
1/13/2013,125,-5.8,99.5,0,0,-5.8,4,0
1/14/2013,109,-4.4,99.8,0,0.1,-4.5,4.4,0
1/15/2013,97,-2.8,100,0,0,-2.8,5,0
1/16/2013,90,-2.3,100,0,0.2,-2.3,5.2,0
1/17/2013,87,-2,100,0,0.3,-2,5.3,0
1/18/2013,95,-1.6,100,0,0.5,-1.6,5.4,0
1/19/2013,112,-1.6,100,0,0.4,-1.6,5.4,0
1/20/2013,129,-1.3,100,0,0.2,-1.3,5.6,0
1/21/2013,134,-1.5,99.8,0,0,-1.5,5.5,0
1/22/2013,132,-0.9,99.1,0,1.2,-1,5.7,0.1
1/23/2013,138,0.7,100,6.6,7,0.7,6.4,0
1/24/2013,149,0.8,100,3.3,3.9,0.8,6.5,0
1/25/2013,244,1,100,26.9,27,1,6.6,0
1/26/2013,329,-0.4,100,10.9,10.6,-0.4,5.9,0
1/27/2013,255,-1.3,100,17,16.9,-1.3,5.6,0
1/28/2013,214,-1.6,100,34.3,33.7,-1.6,5.4,0
1/29/2013,222,-1.2,100,24.6,23.6,-1.2,5.6,0
1/30/2013,221,0.1,100,8.1,7.8,0.1,6.2,0
1/31/2013,213,0.2,100,0,0.3,0.2,6.2,0
2/1/2013,186,-0.4,100,0,0,-0.4,5.9,0
2/2/2013,167,-0.6,100,0,0.2,-0.6,5.8,0
2/3/2013,158,-0.7,100,0,0.1,-0.7,5.8,0
2/4/2013,149,1.2,100,0,0,1.2,6.7,0
2/5/2013,151,0.8,100,0,16.3,0.8,6.5,0
2/6/2013,168,1.1,100,0,3.9,1.1,6.6,0
2/7/2013,164,-0.5,100,0,5.6,-0.5,5.9,0
2/8/2013,146,-1.3,100,0.004217173,0,-1.3,5.6,0
2/9/2013,128,0.2,100,0.004217173,0.2,0.2,6.2,0
2/10/2013,114,0.9,100,0.004217173,0,0.9,6.5,0
2/11/2013,103,1.9,100,0.004217173,0.2,1.9,7,0
2/12/2013,96,2.6,100,1.041364014,1.8,2.6,7.4,0
2/13/2013,93,2.7,100,1.559937434,1.5,2.7,7.4,0
2/14/2013,91,2.6,100,0.004217173,0.3,2.6,7.4,0
2/15/2013,92,2.5,99.9,0.004217173,0.4,2.5,7.3,0
2/16/2013,99,1.1,100,2.389654907,1.8,1.1,6.6,0
2/17/2013,97,0.1,100,0.522790593,0.6,0,6.1,0
2/18/2013,92,0,99.8,0.004217173,0,0,6.1,0
2/19/2013,86,0.9,99.9,1.871081486,1.8,0.9,6.5,0
2/20/2013,81,1.1,99.7,8.819965318,8.6,1,6.6,0
2/21/2013,79,-0.3,100,13.27969673,13.8,-0.3,6,0
2/22/2013,84,-1.4,100,28.42204061,27.6,-1.4,5.5,0
2/23/2013,93,-0.7,100,7.782818478,9,-0.7,5.8,0
2/24/2013,86,-0.6,100,0.004217173,0,-0.6,5.8,0
2/25/2013,94,-0.3,100,25.31060008,27,-0.3,6,0
2/26/2013,95,-0.2,100,0.004217173,0.2,-0.2,6,0
2/27/2013,87,0.8,100,4.463948588,4.5,0.8,6.5,0
2/28/2013,170,2.8,100,33.19291607,33.2,2.8,7.5,0
3/1/2013,285,3.7,100,0.315361225,0.6,3.7,8,0
3/2/2013,257,3.9,100,1.041364014,0.8,3.9,8.1,0
3/3/2013,233,1.4,100,0.315361225,0.2,1.4,6.8,0
3/4/2013,191,0.6,98.6,0.004217173,0.2,0.4,6.3,0.1
3/5/2013,161,2,100,4.463948588,4.4,2,7.1,0
3/6/2013,154,1.3,100,23.44373577,21.5,1.2,6.7,0
3/7/2013,142,0.9,100,0.315361225,0.7,0.9,6.5,0
3/8/2013,128,1.2,99.9,0.315361225,0.5,1.2,6.7,0
3/9/2013,113,1.2,99.4,0.004217173,0.2,1.1,6.6,0.1
3/10/2013,103,3.5,98.1,0.315361225,0.6,3.2,7.7,0.2
3/11/2013,102,6.3,100,0.833934646,1.4,6.3,9.6,0
3/12/2013,110,7.1,99,0.004217173,0.2,6.9,10,0.1
3/13/2013,123,8.2,97.7,0.004217173,0,7.8,10.6,0.3
3/14/2013,142,7.3,96.6,0.833934646,0.5,6.7,9.8,0.5
3/15/2013,158,7.7,99.7,1.871081486,1.5,7.6,10.4,0
3/16/2013,163,4.5,99.7,17.94685752,18.6,4.5,8.4,0
3/17/2013,157,1.4,99.9,0.833934646,0.6,1.4,6.8,0
3/18/2013,131,2.2,99.5,0.004217173,0,2.1,7.1,0
3/19/2013,116,4,99.1,10.99797368,11.2,3.9,8.1,0.1
3/20/2013,213,3.4,100,35.47463912,36.1,3.4,7.8,0
3/21/2013,226,0.3,100,9.338538739,10.9,0.3,6.2,0
3/22/2013,184,-0.1,100,2.908228327,3.1,-0.1,6.1,0
3/23/2013,154,0.4,100,0.004217173,0,0.3,6.2,0
3/24/2013,132,2.5,98.7,0.004217173,0,2.3,7.2,0.1
3/25/2013,119,5.6,97.9,0.004217173,0,5.2,8.8,0.3
3/26/2013,112,6.3,99.5,1.352508066,1,6.2,9.5,0.1
3/27/2013,109,7.1,100,4.463948588,4.2,7.1,10.1,0
3/28/2013,114,7.4,99.9,3.634231115,3.2,7.4,10.3,0
3/29/2013,128,8.5,99.6,0.315361225,0.4,8.4,11,0.1
3/30/2013,138,8.9,95.3,0.004217173,0,8.2,10.9,0.8
3/31/2013,160,9.9,95.7,0.004217173,0,9.2,11.6,0.7
4/1/2013,168,10.5,97.6,0.004217173,0,10.1,12.4,0.3
4/2/2013,161,9.7,96.5,0.004217173,0,9.1,11.6,0.5
4/3/2013,144,9.1,94.5,0.004217173,0,8.2,10.9,0.8
4/4/2013,155,8.8,99.9,26.97003503,24.9,8.8,11.3,0
4/5/2013,244,7.3,100,15.87256383,16.5,7.3,10.2,0
4/6/2013,318,6.1,100,29.14804339,31.1,6.1,9.4,0
4/7/2013,452,3.6,100,31.01490771,31.8,3.6,7.9,0
4/8/2013,375,3.1,99.9,1.352508066,2.1,3.1,7.6,0
4/9/2013,286,5.5,98.1,0.004217173,0,5.2,8.8,0.2
4/10/2013,241,6.1,100,10.47940026,9.3,6.1,9.4,0
4/11/2013,213,5.1,98.1,0.004217173,0,4.8,8.6,0.2
4/12/2013,179,5,97.5,5.189951376,4.4,4.6,8.5,0.3
4/13/2013,165,3.2,99.9,6.019668849,7.1,3.2,7.7,0
4/14/2013,143,2.7,99.5,2.908228327,2.7,2.7,7.4,0
4/15/2013,126,2.8,98.6,3.634231115,3.3,2.6,7.4,0.1
4/16/2013,116,3.2,98.9,7.57538911,6.1,3.1,7.6,0.1
4/17/2013,106,4.4,97.7,0.315361225,0,4.1,8.2,0.2
4/18/2013,98,7.6,94.3,0.004217173,0,6.7,9.8,0.7
4/19/2013,125,7.7,100,25.62174414,24.8,7.7,10.5,0
4/20/2013,164,7,99.3,1.041364014,1.3,6.8,9.9,0.1
4/21/2013,152,7.5,97.6,0.315361225,0,7.1,10.1,0.3
4/22/2013,138,7.3,81.1,0.004217173,0,3.5,7.9,2.6
4/23/2013,124,6.6,80.3,0.004217173,0,2.8,7.5,2.9
4/24/2013,113,9.2,77.6,0.004217173,0,4.8,8.6,3.7
4/25/2013,108,10.5,82.1,0.004217173,0,7,10,3.3
4/26/2013,109,11.7,81,0.004217173,0,8,10.7,3.8
4/27/2013,111,11.7,75.3,0.004217173,0,6.6,9.7,4.8
4/28/2013,106,10.9,75.5,0.004217173,0,6.3,9.6,3.8
4/29/2013,105,7.6,92.2,4.982522008,3.9,6.3,9.6,0.9
4/30/2013,95,4.7,74.8,0.004217173,0,-0.2,6,2.8
5/1/2013,83,7.9,70.1,0.004217173,0,1.3,6.7,4.9
5/2/2013,77,12.3,67,0.004217173,0,5.1,8.8,6.8
5/3/2013,78,13.5,71.5,0.004217173,0,7.4,10.3,6.3
5/4/2013,80,14.5,57.3,0.004217173,0,4,8.1,9.5
5/5/2013,82,16.5,53,0.004217173,0,5.4,9,10.8
5/6/2013,81,15.4,70.3,0.004217173,0.1,9.5,11.9,6.6
5/7/2013,77,15.3,72.6,0.004217173,0,9.7,12,6.2
5/8/2013,72,14.5,80.6,0.004217173,0,10.8,13,4.4
5/9/2013,69,16.6,78.5,0.004217173,0,12.3,14.3,5.6
5/10/2013,66,18.6,77.1,0.004217173,0,13.7,15.7,6.9
5/11/2013,63,19.1,77.4,0.004217173,0,14.7,16.7,6.3
5/12/2013,59,17.5,73.3,0.004217173,0,11.8,13.8,6.9
5/13/2013,54,13.5,80.7,0.315361225,0.3,10.1,12.4,3.1
5/14/2013,49,12.1,72.9,0.004217173,0,6.6,9.7,4.9
5/15/2013,45,10.2,84.7,0.315361225,0.3,7.7,10.5,2.1
5/16/2013,43,9.7,95.6,1.871081486,2.4,9,11.5,0.6
5/17/2013,43,9.5,93.7,1.871081486,2.1,8.4,11,0.8
5/18/2013,41,9.3,97.8,3.426801747,3.7,9,11.5,0.3
5/19/2013,41,10.3,91.5,4.463948588,4,8.8,11.3,1.4
5/20/2013,38,11.7,81.7,0.004217173,0,8,10.7,3.9
5/21/2013,42,5.7,97.5,31.63719581,28.6,5.3,8.9,0.3
5/22/2013,55,2.3,100,34.02263354,33.5,2.3,7.2,0
5/23/2013,59,5.8,98,8.09396253,7.1,5.5,9,0.2
5/24/2013,78,7.2,96.8,9.649682791,9.1,6.7,9.8,0.4
5/25/2013,72,10.4,88,0.833934646,0.5,8.2,10.9,2.1
5/26/2013,96,10,98.9,15.66513447,14.4,9.8,12.1,0.2
5/27/2013,164,9,100,38.37865028,38.5,9,11.5,0
5/28/2013,209,10.3,96,5.708524796,5.9,9.6,12,0.6
5/29/2013,197,9.1,99.1,19.60629246,18.7,8.9,11.4,0.1
5/30/2013,183,8.3,96.6,0.833934646,0.6,7.7,10.5,0.5
5/31/2013,144,11.4,86.2,0.004217173,0,8.7,11.3,2.8
6/1/2013,116,13.5,83.4,0.004217173,0,10.2,12.4,3.9
6/2/2013,98,13.9,80.1,0.004217173,0,10,12.3,4.2
6/3/2013,84,14.3,78.1,0.004217173,0,9.7,12,5.5
6/4/2013,74,16.4,77.4,0.004217173,0,11.5,13.6,6.4
6/5/2013,66,18,75.7,0.004217173,0,12.8,14.8,7.3
6/6/2013,60,18.4,74.9,0.004217173,0,13.1,15.1,7.5
6/7/2013,55,18.3,73.4,0.004217173,0,12.4,14.4,7.7
6/8/2013,51,18,73,0.004217173,0,12.1,14.1,8
6/9/2013,48,16.3,70.5,0.004217173,0,10.1,12.4,7.3
6/10/2013,45,13.3,73,0.004217173,0,8,10.7,5.4
6/11/2013,43,11.3,75.5,0.004217173,0,7,10,3.5
6/12/2013,41,11.5,76.2,0.004217173,0,7.1,10.1,3.6
6/13/2013,40,9.7,91.8,1.871081486,2.1,8.5,11.1,1
6/14/2013,39,13.6,79.8,0.004217173,0.3,9.3,11.7,4.8
6/15/2013,37,15.7,77.1,0.004217173,0,11,13.1,5.8
6/16/2013,35,16.6,73.8,0.004217173,0,11.4,13.5,6.1
6/17/2013,34,16,73.4,0.315361225,0.6,10.3,12.5,6.4
6/18/2013,33,12.9,78.7,4.463948588,5.3,8.7,11.3,3.8
6/19/2013,37,9.6,99,9.649682791,8.4,9.5,11.9,0.1
6/20/2013,37,9.7,99.3,6.019668849,5.7,9.6,12,0.1
6/21/2013,35,11.2,96.9,0.004217173,0,10.7,12.9,0.5
6/22/2013,32,14.1,84.1,0.004217173,0,11,13.1,3.7
6/23/2013,33,13.9,98.5,10.99797368,11.3,13.6,15.6,0.2
6/24/2013,37,12,98.4,5.501095428,4.9,11.7,13.8,0.3
6/25/2013,45,12.7,99.6,14.10941421,14.9,12.7,14.7,0.1
6/26/2013,46,12.7,99.9,5.708524796,5.8,12.7,14.7,0
6/27/2013,43,16.5,92.8,0.004217173,0.2,15.1,17.2,2
6/28/2013,38,19.8,86.2,0.004217173,0,17.1,19.5,4.7
6/29/2013,35,20.5,83.3,0.004217173,0,17.1,19.5,5.6
6/30/2013,32,21.4,82.5,0.004217173,0,17.8,20.4,6.4
7/1/2013,31,22.7,84.4,0.004217173,0,19.6,22.8,5.6
7/2/2013,29,23.3,85.1,0.004217173,0,20.3,23.8,5.7
7/3/2013,28,21.4,77.5,0.004217173,0,16.7,19,7.5
7/4/2013,27,17.5,69.7,0.004217173,0,11,13.1,7.9
7/5/2013,26,16.4,75.2,0.004217173,0,11.4,13.5,5.9
7/6/2013,25,16.3,78.9,0.004217173,0,12.2,14.2,5.5
7/7/2013,24,17.5,80.1,0.004217173,0,13.6,15.6,5.5
7/8/2013,23,18.5,77.7,0.004217173,0,13.7,15.7,6.9
7/9/2013,23,20,77.8,0.004217173,0,15.4,17.5,7.2
7/10/2013,22,20,73,0.004217173,0,14.2,16.2,8.6
7/11/2013,21,17.1,74.3,0.004217173,0,11.9,13.9,6.5
7/12/2013,21,15.1,70.7,0.004217173,0,8.9,11.4,6.7
7/13/2013,20,16.7,67.5,0.004217173,0,9.3,11.7,9.1
7/14/2013,20,18.4,70.5,0.004217173,0,12.1,14.1,8.7
7/15/2013,19,19.2,72,0.004217173,0,13.3,15.3,8.5
7/16/2013,19,19.5,70.7,0.004217173,0,13.2,15.2,8.6
7/17/2013,18,18.7,74,0.004217173,0,13.3,15.3,7.1
7/18/2013,18,18.8,76.4,0.004217173,0,14,16,7
7/19/2013,17,19.4,75,0.004217173,0,14.2,16.2,7.6
7/20/2013,17,19.5,77.3,0.004217173,0,14.9,16.9,7.1
7/21/2013,17,19.5,75,0.004217173,0,14.2,16.2,8.1
7/22/2013,16,20,73.7,0.004217173,0,14.4,16.4,8.6
7/23/2013,16,20.8,72,0.004217173,0,14.8,16.8,9.3
7/24/2013,15,21.5,63.8,0.004217173,0,13.5,15.5,11.6
7/25/2013,15,20.4,64,0.004217173,0,12.6,14.6,11.2
7/26/2013,15,21,65.6,0.004217173,0,13.5,15.5,10.7
7/27/2013,14,18.4,63,0.004217173,0,10,12.3,10.2
7/28/2013,14,16.6,66.9,0.004217173,0,9.5,11.9,8.2
7/29/2013,14,16.8,74.6,0.004217173,0,11.7,13.8,6.5
7/30/2013,14,18.1,72.1,0.004217173,0,12.3,14.3,7.7
7/31/2013,14,18.2,79.9,0.004217173,0,14.5,16.5,4.7
8/1/2013,14,14.4,86.8,0.004217173,0,12.2,14.2,2.2
8/2/2013,14,16.4,78.1,0.004217173,0,12.2,14.2,5
8/3/2013,13,17.2,77,0.004217173,0.2,12.5,14.5,6.5
8/4/2013,13,18.9,75.4,0.004217173,0,13.9,15.9,7.2
8/5/2013,13,19.6,73.4,0.004217173,0,14,16,8.1
8/6/2013,13,19.8,69.1,0.004217173,0,13.1,15.1,9.4
8/7/2013,12,18.5,71.5,0.004217173,0,12.9,14.9,7
8/8/2013,12,17.8,85.5,0.833934646,1.5,15,17.1,3.9
8/9/2013,16,17.1,95.4,10.2719709,9.3,16.2,18.4,1.4
8/10/2013,17,14.8,99.4,0.315361225,0.2,14.7,16.7,0.1
8/11/2013,14,17.1,88.1,0.004217173,0.3,14.9,16.9,2.9
8/12/2013,13,16.7,87.9,0.004217173,0,14.5,16.5,2.9
8/13/2013,12,17.3,84,0.004217173,0,14.3,16.3,4.1
8/14/2013,12,18.2,79.8,0.004217173,0,14.3,16.3,5.2
8/15/2013,12,18.5,79.3,0.004217173,0,14.6,16.6,5.4
8/16/2013,12,20,81.8,0.004217173,0,16.6,18.9,5.1
8/17/2013,11,18.7,79.3,0.004217173,0,14.6,16.6,5.8
8/18/2013,11,18.6,78.5,0.004217173,0,14.3,16.3,6.1
8/19/2013,11,18.7,75.3,0.004217173,0,13.6,15.6,7
8/20/2013,11,17.6,77,0.004217173,0,13.2,15.2,5.8
8/21/2013,11,17.8,79.6,0.004217173,0,14.1,16.1,4.9
8/22/2013,11,17.4,88.8,0.833934646,0.7,15.4,17.5,2.4
8/23/2013,11,17.5,86.5,0.004217173,0.3,14.9,16.9,3.3
8/24/2013,11,16.7,81,0.004217173,0,13.2,15.2,4.2
8/25/2013,13,14.1,98.1,18.6728603,17.5,13.8,15.8,0.3
8/26/2013,16,14.3,98.1,0.004217173,0.1,14,16,0.4
8/27/2013,12,15.4,91.7,0.004217173,0.2,14,16,1.9
8/28/2013,11,17.9,86.7,0.004217173,0,15.5,17.6,3.3
8/29/2013,11,17.6,94.7,1.871081486,2,16.6,18.9,1.3
8/30/2013,11,17.2,91.4,0.004217173,0.2,15.6,17.7,2.1
8/31/2013,11,18,87.7,0.004217173,0,15.7,17.8,3.3
9/1/2013,10,17.5,86.9,0.004217173,0,15.2,17.3,3.2
9/2/2013,10,17,82.1,0.004217173,0,13.7,15.7,4.1
9/3/2013,9.9,17.2,80,0.004217173,0,13.6,15.6,4.4
9/4/2013,9.8,15.5,87.8,0.004217173,0,13.4,15.4,2.4
9/5/2013,11,13.5,96.8,18.88028967,18,13,15,0.6
9/6/2013,20,12.4,100,14.52427294,13.7,12.4,14.4,0
9/7/2013,13,12.7,98.6,0.004217173,0.3,12.4,14.4,0.3
9/8/2013,11,15.2,95.3,0.004217173,0.2,14.4,16.4,1.1
9/9/2013,11,16.4,94.1,0.004217173,0,15.4,17.5,1.5
9/10/2013,10,17.6,85.6,0.004217173,0,14.9,16.9,3.8
9/11/2013,9.9,19,80.6,0.004217173,0,15.2,17.3,5.4
9/12/2013,9.8,18.3,89.3,0.004217173,0,16.4,18.7,2.8
9/13/2013,9.6,17.9,90.3,0.004217173,0,16.2,18.4,2.5
9/14/2013,9.5,17.9,89.5,0.004217173,0,16.1,18.3,2.6
9/15/2013,9.5,16.3,88.8,0.004217173,0,14.4,16.4,2.2
9/16/2013,9.5,14.5,84.3,0.004217173,0,11.7,13.8,2.8
9/17/2013,9.6,11.4,94.8,4.152804536,3.7,10.6,12.8,0.8
9/18/2013,10,11.2,97.1,0.004217173,0.2,10.7,12.9,0.4
9/19/2013,9.6,11.7,90.1,0.004217173,0.3,9.9,12.2,1.9
9/20/2013,9.6,12.1,92.5,4.77509264,4.3,10.8,13,1.4
9/21/2013,11,11.9,99.6,5.501095428,5.1,11.8,13.8,0.1
9/22/2013,14,10.7,100,20.6434393,20.4,10.7,12.9,0
9/23/2013,21,10.9,99.9,3.945375167,3.5,10.9,13,0
9/24/2013,29,9.4,100,29.56290213,34.8,9.4,11.8,0
9/25/2013,39,7.6,100,5.708524796,8.4,7.6,10.4,0
9/26/2013,23,8.3,100,2.389654907,2.9,8.2,10.9,0
9/27/2013,19,8.5,100,22.71773298,24.4,8.5,11.1,0
9/28/2013,92,10.8,100,48.75011868,49.5,10.8,13,0
9/29/2013,299,9.2,100,71.25620512,68.7,9.2,11.6,0
9/30/2013,478,8,100,19.29514841,19.6,8,10.7,0
10/1/2013,297,7.4,100,12.96855268,13.7,7.4,10.3,0
10/2/2013,202,5.9,100,4.152804536,3.9,5.9,9.3,0
10/3/2013,139,6.1,100,1.559937434,1.9,6.1,9.4,0
10/4/2013,101,5.4,100,0.004217173,0.5,5.4,9,0
10/5/2013,78,7.4,98.3,0.004217173,0.6,7.1,10.1,0.3
10/6/2013,65,8.1,97.2,0.004217173,0.1,7.7,10.5,0.4
10/7/2013,60,7.6,100,8.09396253,7.6,7.6,10.4,0
10/8/2013,59,7.3,100,9.338538739,8.9,7.3,10.2,0
10/9/2013,64,5.6,100,0.004217173,0.1,5.6,9.1,0
10/10/2013,54,6.5,99.3,0.004217173,0,6.4,9.6,0.1
10/11/2013,48,7.9,98.3,0.004217173,0,7.6,10.4,0.2
10/12/2013,45,7.1,97.9,0.315361225,0,6.8,9.9,0.2
10/13/2013,41,5.6,97.9,0.004217173,0,5.2,8.8,0.2
10/14/2013,38,5.3,95.3,0.004217173,0.2,4.6,8.5,0.6
10/15/2013,35,5.8,95,0.004217173,0,5,8.7,0.6
10/16/2013,33,6.5,96.8,0.004217173,0,6,9.4,0.4
10/17/2013,31,7.4,97.3,0.004217173,0,7,10,0.4
10/18/2013,30,7.8,95.9,0.004217173,0,7.1,10.1,0.6
10/19/2013,28,8,96.5,0.004217173,0,7.5,10.4,0.5
10/20/2013,27,8,96.7,0.004217173,0,7.5,10.4,0.5
10/21/2013,26,9.1,94.4,0.004217173,0,8.2,10.9,0.9
10/22/2013,25,9.6,94,0.004217173,0,8.6,11.2,1
10/23/2013,24,9.6,94.7,0.004217173,0,8.7,11.3,0.9
10/24/2013,23,9.2,96,0.004217173,0,8.5,11.1,0.7
10/25/2013,22,8.3,97.4,0.004217173,0,7.9,10.7,0.4
10/26/2013,21,6.5,96.7,0.004217173,0,6,9.4,0.5
10/27/2013,23,6.4,99.7,9.13110937,7.8,6.3,9.6,0
10/28/2013,23,4.3,98.2,0.004217173,0,4,8.1,0.2
10/29/2013,21,2,96.8,0.004217173,0.3,1.5,6.8,0.3
10/30/2013,20,3.4,98.1,0.004217173,0,3.2,7.7,0.2
10/31/2013,20,8.2,100,1.559937434,1.6,8.2,10.9,0
11/1/2013,20,8,100,0.004217173,0,8,10.7,0
11/2/2013,38,5.7,100,26.55517629,33.8,5.7,9.2,0
11/3/2013,39,4.1,100,4.671377956,5,4.1,8.2,0
11/4/2013,34,4.9,100,5.708524796,5.6,4.9,8.7,0
11/5/2013,64,6.2,100,24.68831198,28.6,6.2,9.5,0
11/6/2013,85,9.3,100,0.833934646,6.8,9.3,11.7,0
11/7/2013,117,7.5,100,18.0505722,19.9,7.5,10.4,0
11/8/2013,123,5.5,100,2.908228327,3.1,5.5,9,0
11/9/2013,93,4.5,100,0.004217173,0.1,4.5,8.4,0
11/10/2013,74,6.7,100,0.004217173,0.2,6.7,9.8,0
11/11/2013,62,5.9,100,0.004217173,0.1,5.9,9.3,0
11/12/2013,54,8.2,100,2.078510854,2.5,8.2,10.9,0
11/13/2013,49,7.5,100,0.315361225,0,7.5,10.4,0
11/14/2013,45,4.3,100,0.315361225,0.2,4.3,8.3,0
11/15/2013,43,4.2,100,12.24254989,11.2,4.2,8.3,0
11/16/2013,64,4.5,100,26.55517629,25.7,4.5,8.4,0
11/17/2013,79,5.2,100,7.782818478,8.1,5.2,8.8,0
11/18/2013,87,4.8,100,18.98400436,19.7,4.8,8.6,0
11/19/2013,340,7.5,100,35.99321254,37.5,7.5,10.4,0
11/20/2013,353,1.7,100,0.004217173,0,1.7,6.9,0
11/21/2013,219,-1.7,97.8,0.004217173,0,-2,5.3,0.1
11/22/2013,158,-1.6,97.1,0.004217173,0,-2,5.3,0.2
11/23/2013,124,-0.1,98.2,0.004217173,0,-0.4,5.9,0.2
11/24/2013,102,0.5,98.3,0.004217173,0,0.2,6.2,0.2
11/25/2013,86,0.4,99.3,0.004217173,0,0.3,6.2,0.1
11/26/2013,76,1.4,99.9,0.004217173,0.2,1.4,6.8,0
11/27/2013,68,2.4,99.3,0.004217173,0.2,2.3,7.2,0.1
11/28/2013,62,1.7,99.4,0.004217173,0,1.6,6.9,0.1
11/29/2013,56,2.6,100,0.004217173,0.2,2.6,7.4,0
11/30/2013,52,5.3,99.7,0.004217173,0.2,5.3,8.9,0
12/1/2013,71,7.9,100,31.63719581,30.5,7.9,10.7,0
12/2/2013,351,4,100,55.18042909,52.4,4,8.1,0
12/3/2013,232,-1.3,98.9,0.315361225,0.6,-1.4,5.5,0.1
12/4/2013,161,-5.4,96.3,0.833934646,0.1,-5.9,3.9,0.2
12/5/2013,127,-5.9,95.6,0.004217173,0,-6.5,3.8,0.2
12/6/2013,107,-5.7,98.3,10.68682963,12.4,-5.9,3.9,0.1
12/7/2013,92,-9.7,96.3,0.004217173,0.1,-10.2,2.8,0.1
12/8/2013,82,-10.6,96,0.004217173,0.1,-11.1,2.6,0.1
12/9/2013,74,-7.6,98.5,0.004217173,0.1,-7.8,3.4,0.1
12/10/2013,70,-4.8,99.7,0.004217173,0,-4.8,4.3,0
12/11/2013,66,-3.3,100,0.004217173,0,-3.3,4.8,0
12/12/2013,61,-1.7,100,5.189951376,5.8,-1.7,5.4,0
12/13/2013,59,1.1,100,3.115657695,3.7,1,6.6,0
12/14/2013,55,0.5,100,0.004217173,0.1,0.6,6.4,0
12/15/2013,52,1.3,100,0.004217173,0.1,1.3,6.7,0
12/16/2013,51,1,100,0.004217173,0.1,1,6.6,0
12/17/2013,49,0.2,100,0.004217173,0.2,0.3,6.2,0
12/18/2013,47,1,100,0.004217173,0,1,6.6,0
12/19/2013,45,-1.6,100,0.004217173,0,-1.6,5.4,0
12/20/2013,45,-0.9,100,16.70228131,17,-0.9,5.7,0
12/21/2013,58,2.1,100,6.745671637,6.6,2.1,7.1,0
12/22/2013,65,4,100,3.945375167,4.2,4,8.1,0
12/23/2013,66,3.8,100,6.745671637,6.7,3.8,8,0
12/24/2013,70,2.1,100,0.004217173,0.1,2.1,7.1,0
12/25/2013,65,0.1,100,0.004217173,0.2,0.1,6.2,0
12/26/2013,61,0.7,100,0.004217173,0.3,0.7,6.4,0
12/27/2013,57,0.9,100,0.004217173,0.1,0.9,6.5,0
12/28/2013,54,-0.3,100,0.004217173,0.1,-0.4,5.9,0
12/29/2013,51,-0.6,100,0.004217173,0.1,-0.6,5.8,0
12/30/2013,48,1.9,100,0.004217173,0.2,1.9,7,0
12/31/2013,46,2.1,100,0.004217173,0,2.1,7.1,0
1/1/2014,44,1,100,0.004217173,0.1,1,6.6,0
1/2/2014,42,1.7,100,0.004217173,0.1,1.7,6.9,0
1/3/2014,41,2.2,100,2.389654907,2.7,2.2,7.2,0
1/4/2014,39,-1.8,100,0.004217173,0,-1.8,5.4,0
1/5/2014,37,-1.6,99.8,0.004217173,0,-1.7,5.4,0
1/6/2014,36,-0.3,100,0.004217173,0.1,-0.3,6,0
1/7/2014,38,2.5,100,17.53199878,17.7,2.5,7.3,0
1/8/2014,70,4.8,100,40.97151738,40.7,4.8,8.6,0
1/9/2014,161,3.4,100,22.6140183,22,3.4,7.8,0
1/10/2014,221,5.5,100,1.871081486,2.1,5.5,9,0
1/11/2014,224,4,100,37.75636217,38.5,4,8.1,0
1/12/2014,261,4,100,25.72545882,23.5,4,8.1,0
1/13/2014,302,4.3,100,1.352508066,1.2,4.3,8.3,0
1/14/2014,238,1.4,100,0.004217173,0,1.4,6.8,0
1/15/2014,188,0.4,100,0.004217173,0.1,0.4,6.3,0
1/16/2014,157,0.1,100,0.004217173,0,0.1,6.2,0
1/17/2014,135,1.4,100,0.004217173,0.4,1.4,6.8,0
1/18/2014,118,1.5,100,0.004217173,0.1,1.5,6.8,0
1/19/2014,104,1,100,0.004217173,0.1,1,6.6,0
1/20/2014,92,2.1,99.4,0.004217173,0.2,2,7.1,0.1
1/21/2014,82,1.3,99.1,0.004217173,0,1.2,6.7,0.1
1/22/2014,74,0.7,99.4,0.004217173,0,0.6,6.4,0.1
1/23/2014,68,1.6,96.2,0.004217173,0,1,6.6,0.3
1/24/2014,62,1.1,95.3,0.004217173,0,0.4,6.3,0.4
1/25/2014,58,1.7,97.1,0.004217173,0,1.3,6.7,0.3
1/26/2014,54,2,97.4,0.004217173,0,1.6,6.9,0.3
1/27/2014,52,2.8,99.9,1.871081486,1.2,2.8,7.5,0
1/28/2014,57,6.7,100,34.02263354,33.2,6.7,9.8,0
1/29/2014,266,6.7,100,39.31208243,38.1,6.7,9.8,0
1/30/2014,260,2.4,100,5.501095428,4.9,2.4,7.3,0
1/31/2014,181,1.7,100,1.041364014,1.5,1.7,6.9,0
2/1/2014,141,0.6,100,0.004217173,0.2,0.6,6.4,0
2/2/2014,119,1.7,100,2.597084275,2.9,1.7,6.9,0
2/3/2014,104,0.2,100,5.708524796,6,0.2,6.2,0
2/4/2014,92,-0.6,100,4.982522008,4.7,-0.6,5.8,0
2/5/2014,83,-5.1,97.6,0.004217173,0,-5.4,4.1,0.1
2/6/2014,78,-5.1,98.1,18.98400436,25.9,-5.4,4.1,0.1
2/7/2014,76,-0.5,100,38.06750622,13,-0.5,5.9,0
2/8/2014,91,-0.5,100,26.24403224,1.7,-0.5,5.9,0
2/9/2014,198,0.3,100,4.152804536,31.5,0.3,6.2,0
2/10/2014,221,0.6,100,8.819965318,12.6,0.6,6.4,0
2/11/2014,277,0.9,100,28.42204061,30.4,0.9,6.5,0
2/12/2014,1720,3.3,100,85.56883152,87.5,3.3,7.7,0
2/13/2014,1350,4.8,100,10.99797368,10.8,4.8,8.6,0
2/14/2014,1480,5,100,69.28562613,72.6,5,8.7,0
2/15/2014,1130,4.2,100,40.45294396,42.9,4.2,8.3,0
2/16/2014,800,2.1,100,15.97627852,14.9,2.1,7.1,0
2/17/2014,559,2.6,100,37.86007686,40.1,2.6,7.4,0
2/18/2014,634,2.9,100,31.94833986,32.1,2.9,7.5,0
2/19/2014,607,1.2,100,13.4871261,13.7,1.2,6.7,0
2/20/2014,424,2.5,100,23.65116514,22,2.5,7.3,0
2/21/2014,343,3.5,100,1.352508066,1.8,3.5,7.9,0
2/22/2014,278,2.4,100,0.004217173,0,2.4,7.3,0
2/23/2014,225,2.5,100,7.57538911,7.3,2.5,7.3,0
2/24/2014,199,6.4,100,2.078510854,2.6,6.4,9.6,0
2/25/2014,201,6.1,100,0.315361225,0.1,6.1,9.4,0
2/26/2014,199,4.8,100,0.004217173,0,4.8,8.6,0
2/27/2014,209,6.1,100,12.24254989,11.7,6.1,9.4,0
2/28/2014,193,6,100,4.463948588,4.4,6,9.4,0
3/1/2014,206,5.4,100,29.14804339,29.4,5.4,9,0
3/2/2014,367,6.8,100,26.03660287,26,6.8,9.9,0
3/3/2014,569,7.3,100,29.25175808,29,7.3,10.2,0
3/4/2014,507,7.8,100,1.559937434,1.8,7.8,10.6,0
3/5/2014,468,8.3,100,37.65264749,37.5,8.3,11,0
3/6/2014,603,6.1,100,40.55665864,39.7,6.1,9.4,0
3/7/2014,561,6,100,3.426801747,3,6,9.4,0
3/8/2014,410,5.9,100,22.40658893,23.4,5.9,9.3,0
3/9/2014,735,9.6,100,50.20212426,55,9.6,12,0
3/10/2014,891,4.7,100,21.57687146,18.2,4.7,8.5,0
3/11/2014,549,3,100,0.004217173,0.2,3,7.6,0
3/12/2014,371,3.4,99.2,0.004217173,0.2,3.3,7.7,0.1
3/13/2014,270,4.4,97.7,0.004217173,0,4,8.1,0.3
3/14/2014,222,6.4,100,11.41283242,11.6,6.4,9.6,0
3/15/2014,181,5.1,99.2,0.004217173,0,5,8.7,0.1
3/16/2014,154,7.1,96.8,15.66513447,15.8,6.6,9.7,0.4
3/17/2014,156,2.1,100,6.538242269,7.8,2.1,7.1,0
3/18/2014,136,2.6,99.6,0.004217173,0.1,2.6,7.4,0
3/19/2014,125,3.2,97.4,0.004217173,0,2.8,7.5,0.3
3/20/2014,113,2.2,93.1,0.004217173,0,1.1,6.6,0.6
3/21/2014,102,1.5,93.2,0.004217173,0,0.4,6.3,0.6
3/22/2014,94,2.6,91.4,0.004217173,0,1.2,6.7,0.9
3/23/2014,86,3.7,92.8,0.004217173,0,2.5,7.3,0.8
3/24/2014,80,6.1,89.7,0.004217173,0,4.4,8.4,1.4
3/25/2014,78,5.4,99.7,14.31684357,12.7,5.3,8.9,0
3/26/2014,95,3.5,100,34.74863633,35.4,3.5,7.9,0
3/27/2014,170,3.7,100,37.23778875,36.7,3.7,8,0
3/28/2014,401,5,100,55.28414378,56.8,5,8.7,0
3/29/2014,632,5.2,100,16.70228131,16.6,5.2,8.8,0
3/30/2014,425,3.2,100,12.96855268,11.5,3.2,7.7,0
3/31/2014,322,3.2,100,1.559937434,1.4,3.2,7.7,0
4/1/2014,254,3.6,100,3.634231115,4.6,3.6,7.9,0
4/2/2014,205,5.2,99.7,0.522790593,0.2,5.2,8.8,0
4/3/2014,174,5.2,97.7,6.538242269,6.3,4.9,8.7,0.2
4/4/2014,168,5.4,100,17.4282841,16,5.4,9,0
4/5/2014,191,6.4,100,24.37716793,25.5,6.4,9.6,0
4/6/2014,268,8.4,99.8,4.671377956,4.9,8.3,11,0
4/7/2014,251,8,97.5,0.004217173,0.1,7.6,10.4,0.4
4/8/2014,225,9.1,94.1,0.004217173,0,8.2,10.9,0.9
4/9/2014,196,9,93.3,0.522790593,0,7.9,10.7,0.9
4/10/2014,166,6.8,91,0.004217173,0,5.2,8.8,1.3
4/11/2014,141,8.6,89,0.004217173,0,6.6,9.7,1.8
4/12/2014,124,7.6,86,0.004217173,0,5,8.7,2
4/13/2014,108,8.2,78.9,0.004217173,0,4,8.1,3.3
4/14/2014,97,9.3,80.8,0.004217173,0,5.8,9.2,2.9
4/15/2014,88,8.6,78.3,0.004217173,0,4.8,8.6,2.7
4/16/2014,81,9.1,83.2,0.004217173,0,6.2,9.5,2.3
4/17/2014,86,8,99,21.78430083,21.5,7.8,10.6,0.1
4/18/2014,92,6.6,97.5,0.004217173,0.2,6.2,9.5,0.3
4/19/2014,80,5.7,99.2,4.671377956,4.9,5.6,9.1,0.1
4/20/2014,74,8.2,95.1,0.004217173,0.1,7.3,10.2,0.7
4/21/2014,70,8.5,94.6,5.708524796,5.2,7.6,10.4,0.8
4/22/2014,81,4.7,99.7,27.59232313,24.3,4.7,8.5,0
4/23/2014,129,5.5,100,44.18667258,44.2,5.5,9,0
4/24/2014,453,7,100,27.38489377,28.7,7,10,0
4/25/2014,362,5.3,98.2,1.041364014,0.7,5,8.7,0.2
4/26/2014,260,5.5,94.7,10.37568558,10.6,4.6,8.5,0.6
4/27/2014,248,4.3,100,29.56290213,28.5,4.3,8.3,0
4/28/2014,244,6.2,98,0.315361225,0.4,5.9,9.3,0.2
4/29/2014,218,9.8,90.2,0.004217173,0,8.1,10.8,1.7
4/30/2014,199,13.1,79.7,0.004217173,0,9.1,11.6,4.3
5/1/2014,177,14.8,74.6,0.004217173,0,9.6,12,5.8
5/2/2014,154,13.8,82,0.004217173,0,10.5,12.7,3.5
5/3/2014,135,11.1,85.9,2.078510854,1.6,8.6,11.2,2.1
5/4/2014,131,8.6,99.7,19.29514841,20.4,8.5,11.1,0
5/5/2014,149,7.3,99.5,6.538242269,7.3,7.2,10.2,0.1
5/6/2014,133,7.9,99.1,2.078510854,1.7,7.7,10.5,0.1
5/7/2014,118,8.3,87.9,0.004217173,0.1,6.1,9.4,1.8
5/8/2014,125,8.5,99.6,29.97776087,30.9,8.4,11,0
5/9/2014,259,6.4,100,33.71148949,35.2,6.4,9.6,0
5/10/2014,364,6.5,99.7,13.59084079,11.9,6.5,9.7,0
5/11/2014,306,9.3,95.8,0.315361225,1,8.6,11.2,0.7
5/12/2014,240,10.9,85,0.004217173,0,8.1,10.8,2.8
5/13/2014,195,14,78.2,0.004217173,0,9.7,12,5
5/14/2014,162,16.7,72.9,0.004217173,0,10.9,13,7.2
5/15/2014,138,16.5,77.2,0.004217173,0,12.1,14.1,5.3
5/16/2014,120,13.3,77.6,0.004217173,0,8.9,11.4,4.3
5/17/2014,106,14.1,72.8,0.004217173,0,8.5,11.1,5.5
5/18/2014,114,9,99.5,35.26720975,33.6,9,11.5,0.1
5/19/2014,122,10.2,96.8,1.559937434,2,9.7,12,0.5
5/20/2014,104,11.7,88.4,0.004217173,0.2,9.5,11.9,2.3
5/21/2014,93,13.9,85.2,0.004217173,0,11.1,13.2,3.3
5/22/2014,86,15.6,81.3,0.004217173,0,11.8,13.8,4.9
5/23/2014,80,14.6,95.3,0.833934646,0.9,13.8,15.8,0.8
5/24/2014,75,14.9,80.5,0.004217173,0.3,10.9,13,4.4
5/25/2014,70,14.7,76.6,0.004217173,0,9.8,12.1,5.3
5/26/2014,66,14.2,74.5,0.004217173,0.1,9.2,11.6,4.8
5/27/2014,62,11.6,76.5,0.004217173,0,7.3,10.2,3.7
5/28/2014,62,8.2,97.3,14.42055826,13.6,7.7,10.5,0.3
5/29/2014,60,11.1,90.8,0.004217173,0.4,9.4,11.8,1.8
5/30/2014,56,13.1,86.9,0.004217173,0,10.6,12.8,2.9
5/31/2014,53,13.9,80.7,0.004217173,0,10,12.3,4.3
6/1/2014,51,14.1,84.3,0.004217173,0,11.2,13.3,3.4
6/2/2014,49,15.4,78.5,0.004217173,0,10.8,13,5.5
6/3/2014,46,13.9,82.1,0.004217173,0,10.7,12.9,3.4
6/4/2014,44,14.2,77.5,0.004217173,0,9.5,11.9,5.5
6/5/2014,43,15.2,73.3,0.004217173,0,9.5,11.9,6.7
6/6/2014,41,15,68.5,0.004217173,0,8.1,10.8,7.6
6/7/2014,39,15.3,70.4,0.004217173,0,9.2,11.6,6.9
6/8/2014,38,16.6,73.4,0.004217173,0,11,13.1,7.2
6/9/2014,37,16,71.7,0.004217173,0,9.9,12.2,6.9
6/10/2014,36,14.6,69.4,0.004217173,0,7.9,10.7,6.9
6/11/2014,34,15.3,71.6,0.004217173,0,9.3,11.7,7
6/12/2014,34,12.3,83.9,6.019668849,6.8,9.4,11.8,2.7
6/13/2014,39,10.1,100,14.83541699,13.2,10.1,12.4,0
6/14/2014,36,10,96,0.004217173,0,9.4,11.8,0.6
6/15/2014,34,10.7,93.4,0.315361225,0.2,9.6,12,1
6/16/2014,36,8.1,98.6,11.72397647,12.1,7.9,10.7,0.2
6/17/2014,45,8.6,100,2.078510854,2.1,8.6,11.2,0
6/18/2014,37,12.9,91.2,0.004217173,0,11.3,13.4,1.9
6/19/2014,34,15,81.8,0.004217173,0,11.2,13.3,4.7
6/20/2014,32,14.8,78.6,0.004217173,0,10.8,13,4.1
6/21/2014,31,13.9,81.6,0.004217173,0,10.3,12.5,4.1
6/22/2014,30,16.1,79,0.004217173,0,11.8,13.8,5.6
6/23/2014,29,17,78,0.522790593,0.4,12.7,14.7,5.6
6/24/2014,28,15.2,83.8,0.004217173,0.3,12,14,3.7
6/25/2014,29,14,95.3,15.66513447,15.5,13.3,15.3,0.8
6/26/2014,35,14.4,98,3.426801747,3.1,14,16,0.4
6/27/2014,47,13.8,99.7,17.53199878,17.9,13.7,15.7,0.1
6/28/2014,46,13.7,94.9,0.315361225,0.1,12.8,14.8,1
6/29/2014,39,15,83.4,0.004217173,0,11.7,13.8,3.8
6/30/2014,35,16.9,83.7,0.004217173,0,13.5,15.5,4.9
7/1/2014,32,20.3,77.5,0.004217173,0,15.6,17.7,7.6
7/2/2014,31,19.1,81.3,0.004217173,0,15.6,17.7,4.9
7/3/2014,29,16.9,84.8,0.004217173,0,14.1,16.1,3.6
7/4/2014,28,17.4,79.8,0.004217173,0,13.3,15.3,5.5
7/5/2014,27,18.8,73.5,0.004217173,0.1,12.8,14.8,8.2
7/6/2014,26,19.7,74.5,0.004217173,0,14.2,16.2,8.2
7/7/2014,25,21.2,77.3,0.004217173,0,16.4,18.7,8
7/8/2014,24,21.6,82,0.004217173,0,18.1,20.8,5.9
7/9/2014,23,21.3,77.1,0.004217173,0,16.4,18.7,7.8
7/10/2014,22,19.9,75.8,0.004217173,0,14.8,16.8,7.9
7/11/2014,22,17.8,86.1,0.004217173,0,15.4,17.5,3.2
7/12/2014,21,21,79.9,0.004217173,0,16.9,19.3,7.1
7/13/2014,21,19.2,93.6,1.559937434,2.1,18.1,20.8,1.5
7/14/2014,20,20.7,82.5,0.004217173,0,17.3,19.8,5.4
7/15/2014,20,21.8,79.8,0.004217173,0,17.6,20.1,7.4
7/16/2014,19,22.4,78.1,0.004217173,0,17.9,20.5,7.7
7/17/2014,18,19.7,69.3,0.004217173,0,12.8,14.8,9.4
7/18/2014,18,18.1,71.3,0.004217173,0,12.1,14.1,7.8
7/19/2014,17,20.1,71.9,0.004217173,0,14.1,16.1,8.9
7/20/2014,17,18.1,80.1,0.004217173,0,14.3,16.3,4.9
7/21/2014,17,16,87.6,0.004217173,0,13.9,15.9,2.5
7/22/2014,17,17.4,91.3,1.041364014,1,15.9,18.1,2
7/23/2014,26,12.3,99.3,15.04284636,15.3,12.2,14.2,0.1
7/24/2014,24,12.8,94,0.004217173,0.1,11.7,13.8,1.1
7/25/2014,19,14.7,89.1,0.004217173,0.2,12.6,14.6,2.8
7/26/2014,18,17.1,86.4,0.004217173,0,14.5,16.5,3.9
7/27/2014,17,18.1,91.6,0.004217173,0,16.6,18.9,2.1
7/28/2014,17,21.1,86,0.004217173,0,18.3,21,4.9
7/29/2014,16,21.2,83.7,0.004217173,0,18,20.6,5.3
7/30/2014,16,21.3,80.8,0.004217173,0,17.5,20,6.3
7/31/2014,15,21.5,79.1,0.004217173,0,17.5,20,6.5
8/1/2014,15,22.2,78.5,0.004217173,0,17.9,20.5,6.9
8/2/2014,15,21,80.4,0.004217173,0,17.2,19.6,6.1
8/3/2014,14,20.1,86,0.004217173,0,17.5,20,4
8/4/2014,14,20.5,87.1,0.004217173,0,18.1,20.8,3.8
8/5/2014,14,19.2,82.5,0.004217173,0,15.8,18,4.7
8/6/2014,13,18.1,76.7,0.004217173,0,13.3,15.3,6.6
8/7/2014,13,18.4,75,0.004217173,0,13.3,15.3,7
8/8/2014,13,16.9,71,0.004217173,0,11,13.1,7.1
8/9/2014,13,17.3,79.9,0.004217173,0,13.5,15.5,5
8/10/2014,13,20,78.7,0.004217173,0,15.8,18,6.4
8/11/2014,12,21,80.4,0.004217173,0.2,17.3,19.8,5.6
8/12/2014,13,17.4,93.2,2.389654907,2.2,16.3,18.5,1.4
8/13/2014,13,16.1,94.1,0.315361225,0.5,15.1,17.2,1.1
8/14/2014,14,16.3,93.4,2.908228327,3.3,15.2,17.3,1.4
8/15/2014,13,17.7,83.8,0.004217173,0.1,14.6,16.6,4
8/16/2014,12,18,81.9,0.004217173,0,14.5,16.5,4.7
8/17/2014,12,19.1,80.1,0.004217173,0,15.3,17.4,5.6
8/18/2014,12,20.1,79.7,0.004217173,0,16.1,18.3,6
8/19/2014,12,20.3,75.6,0.004217173,0,15.3,17.4,6.9
8/20/2014,12,17.3,78.7,0.004217173,0,13.4,15.4,4.6
8/21/2014,11,15.2,74.6,0.004217173,0,10.1,12.4,5.7
8/22/2014,11,15.7,71.5,0.004217173,0.1,10.3,12.5,5.9
8/23/2014,11,16.8,71.9,0.004217173,0.1,10.9,13,7.1
8/24/2014,11,16.5,67.9,0.004217173,0,9.9,12.2,7.4
8/25/2014,11,17.5,64.3,0.004217173,0,9.7,12,9.1
8/26/2014,11,18.5,66.3,0.004217173,0,11.4,13.5,8.9
8/27/2014,10,19.4,69.9,0.004217173,0,13.3,15.3,8.2
8/28/2014,10,18.6,72.8,0.004217173,0,13.2,15.2,7
8/29/2014,10,16.8,75.9,0.004217173,0,12.2,14.2,5.5
8/30/2014,11,14.4,91.7,5.501095428,5.7,13,15,1.4
8/31/2014,12,13.4,93.8,0.004217173,0.1,12.4,14.4,1.1
9/1/2014,11,14.1,86.3,0.004217173,0.2,11.7,13.8,2.9
9/2/2014,10,15,80.2,0.004217173,0,11.2,13.3,4.1
9/3/2014,10,12.5,78.1,0.004217173,0,8.6,11.2,3.7
9/4/2014,10,14,69.7,0.004217173,0,7.6,10.4,6.7
9/5/2014,9.8,16.6,61,0.004217173,0,8.1,10.8,9.2
9/6/2014,9.6,16.9,62.1,0.004217173,0,8.9,11.4,8.9
9/7/2014,9.6,16.3,72.2,0.004217173,0,11,13.1,6.1
9/8/2014,9.5,15.4,72.5,0.004217173,0,9.9,12.2,5.9
9/9/2014,9.5,14.2,74.5,0.004217173,0,9.5,11.9,4.6
9/10/2014,9.5,13.7,77.9,0.004217173,0,9.6,12,4.3
9/11/2014,9.4,15.3,51.5,0.004217173,0,4,8.1,9.9
9/12/2014,9.1,15,59.9,0.004217173,0,6.9,10,8
9/13/2014,9.1,15.3,60.8,0.004217173,0,7.1,10.1,8.4
9/14/2014,8.9,16,63.5,0.004217173,0,8.6,11.2,8.2
9/15/2014,8.9,17.1,64.9,0.004217173,0,9.9,12.2,8.2
9/16/2014,8.8,15.5,73.8,0.004217173,0,10.7,12.9,5.2
9/17/2014,8.8,16.5,79.8,0.004217173,0,12.9,14.9,4.1
9/18/2014,8.9,15.2,91.8,0.315361225,0.5,13.8,15.8,1.5
9/19/2014,9.1,16.3,85.5,0.004217173,0.1,13.7,15.7,3.1
9/20/2014,9,17.9,75.5,0.004217173,0,13,15,6.4
9/21/2014,8.7,18.1,73.6,0.004217173,0,13.1,15.1,6.3
9/22/2014,8.5,16.7,75.7,0.004217173,0,12.3,14.3,5
9/23/2014,8.5,15.9,82.2,0.004217173,0,12.9,14.9,3.3
9/24/2014,15,14,98.6,35.99321254,34.3,13.8,15.8,0.2
9/25/2014,16,11.5,99.4,6.538242269,6.4,11.4,13.5,0.1
9/26/2014,12,11.1,99.4,0.315361225,0.2,11,13.1,0.1
9/27/2014,10,10.5,97.7,0.004217173,0.1,10.1,12.4,0.4
9/28/2014,9.9,12.5,95.8,0.004217173,0,11.8,13.8,0.7
9/29/2014,9.6,11.4,96,2.908228327,2.2,10.7,12.9,0.6
9/30/2014,11,10.1,99,3.426801747,3.5,10,12.3,0.1
10/1/2014,11,8.7,97.2,0.004217173,0.1,8.3,11,0.4
10/2/2014,9.7,9.1,95.3,0.004217173,0.3,8.4,11,0.7
10/3/2014,9.4,11.1,91.3,0.004217173,0.1,9.7,12,1.5
10/4/2014,9.1,11.6,88.6,0.004217173,0,9.7,12,2.1
10/5/2014,8.8,12.7,88.3,0.004217173,0,10.7,12.9,2.2
10/6/2014,8.8,14,90.4,0.004217173,0,12.3,14.3,2
10/7/2014,8.8,14,91.8,0.004217173,0,12.6,14.6,1.7
10/8/2014,8.8,12.5,90.8,0.004217173,0,11,13.1,1.6
10/9/2014,8.6,11,89.2,0.004217173,0,9.1,11.6,1.8
10/10/2014,8.5,11.1,90.2,0.004217173,0,9.5,11.9,1.6
10/11/2014,8.9,11.1,97.5,4.463948588,3.7,10.7,12.9,0.3
10/12/2014,9.2,9.7,97.1,0.004217173,0.1,9.2,11.6,0.4
10/13/2014,8.8,9,92.4,0.004217173,0.3,7.8,10.6,1.1
10/14/2014,9.9,9.8,98.7,8.61253595,8,9.6,12,0.1
10/15/2014,16,8.4,99.4,19.91743651,20.3,8.4,11,0.1
10/16/2014,16,7.6,99.5,0.004217173,0.2,7.5,10.4,0.1
10/17/2014,12,9.7,99.7,4.152804536,4.3,9.6,12,0
10/18/2014,12,11.2,99.7,2.597084275,2.8,11.1,13.2,0
10/19/2014,11,9.6,99.6,0.004217173,0.2,9.6,12,0
10/20/2014,14,9.1,99.7,19.60629246,19.1,9,11.5,0
10/21/2014,24,8.1,99.5,12.03512052,12.8,8,10.7,0.1
10/22/2014,28,9,99.8,48.12783058,48.2,9,11.5,0
10/23/2014,107,9,99.8,15.97627852,15.4,9,11.5,0
10/24/2014,44,8,99.8,6.538242269,6.3,7.9,10.7,0
10/25/2014,31,8.1,99.7,16.49485194,16.5,8,10.7,0
10/26/2014,80,5.7,99.6,26.65889098,26.3,5.7,9.2,0
10/27/2014,74,5.9,99.7,0.004217173,0.2,5.9,9.3,0
10/28/2014,61,6.8,99.8,24.5845973,25,6.8,9.9,0
10/29/2014,86,9.1,99.9,0.522790593,0.5,9.1,11.6,0
10/30/2014,58,9.8,99.9,30.18519023,30.2,9.8,12.1,0
10/31/2014,170,6.8,99.7,18.25800157,18.3,6.7,9.8,0
11/1/2014,108,4.6,99.5,1.559937434,1.8,4.5,8.4,0
11/2/2014,73,5.3,99.5,2.389654907,2.5,5.3,8.9,0
11/3/2014,61,6.5,99.8,6.745671637,6.6,6.5,9.7,0
11/4/2014,98,8,100,27.90346719,26.3,8,10.7,0
11/5/2014,110,9.4,100,0.004217173,0.2,9.4,11.8,0
11/6/2014,85,7.7,100,6.019668849,5.4,7.7,10.5,0
11/7/2014,71,4.4,100,0.004217173,0,4.4,8.4,0
11/8/2014,59,4.4,100,0.004217173,0.5,4.4,8.4,0
11/9/2014,52,4.9,100,3.634231115,3.7,4.9,8.7,0
11/10/2014,47,2.5,100,0.315361225,0.1,2.5,7.3,0
11/11/2014,42,-1.1,92.7,0.004217173,0,-2.2,5.2,0.4
11/12/2014,37,-2,81.8,0.004217173,0,-4.8,4.3,0.9
11/13/2014,118,-0.8,99.1,78.93109174,73.3,-0.9,5.7,0.1
11/14/2014,496,2.8,100,27.48860845,0,2.8,7.5,0
11/15/2014,252,-3.3,98.6,0.004217173,0,-3.5,4.7,0.1
11/16/2014,158,-3.8,96.1,0.004217173,0.2,-4.3,4.4,0.2
11/17/2014,115,-2.6,97.1,0.004217173,0,-3,4.9,0.2
11/18/2014,92,-1.2,98.7,0.004217173,0,-1.4,5.5,0.1
11/19/2014,79,2.6,97.9,9.649682791,9.7,2.3,7.2,0.2
11/20/2014,83,5.3,100,5.708524796,5.9,5.3,8.9,0
11/21/2014,199,5.5,100,84.94654342,86.3,5.5,9,0
11/22/2014,666,4.5,100,25.10317072,24.3,4.5,8.4,0
11/23/2014,380,4.3,100,5.501095428,6.1,4.3,8.3,0
11/24/2014,261,4.6,100,7.264245057,7.3,4.6,8.5,0
11/25/2014,283,7.8,100,12.44997926,13,7.8,10.6,0
11/26/2014,258,6.9,100,0.004217173,0.1,6.9,10,0
11/27/2014,235,6.6,100,30.80747834,32,6.6,9.7,0
11/28/2014,533,6.1,100,65.5518975,66.9,6.1,9.4,0
11/29/2014,821,0.1,100,9.338538739,8.6,0.1,6.2,0
11/30/2014,395,-3,100,0.004217173,0,-3,4.9,0
12/1/2014,283,-1.2,100,25.93288819,27.8,-1.2,5.6,0
12/2/2014,271,2.2,100,3.634231115,3.7,2.2,7.2,0
12/3/2014,220,2.6,100,6.745671637,6.9,2.6,7.4,0
12/4/2014,205,4.1,100,14.83541699,15.2,4.1,8.2,0
12/5/2014,187,4.3,100,7.264245057,7.8,4.3,8.3,0
12/6/2014,189,3.9,100,6.849386321,6.8,3.9,8.1,0
12/7/2014,161,1.7,100,0.004217173,0,1.7,6.9,0
12/8/2014,137,3.6,100,0.004217173,0.2,3.6,7.9,0
12/9/2014,126,4.9,100,15.35399041,15.7,4.9,8.7,0
12/10/2014,126,5,100,9.442253423,9.7,5,8.7,0
12/11/2014,122,4.3,100,2.597084275,2.5,4.3,8.3,0
12/12/2014,110,2.5,99.9,1.352508066,1,2.5,7.3,0
12/13/2014,98,-0.2,100,0.315361225,0.3,-0.2,6,0
12/14/2014,89,-2.8,100,0.004217173,0.5,-2.8,5,0
12/15/2014,83,-0.2,99.9,1.559937434,1.8,-0.2,6,0
12/16/2014,78,0.5,99.9,2.078510854,2.3,0.5,6.3,0
12/17/2014,74,0.4,99.8,5.501095428,5.8,0.4,6.3,0
12/18/2014,70,1.6,99.7,8.301391898,8.9,1.5,6.8,0
12/19/2014,83,1.2,99.7,15.87256383,16.2,1.2,6.7,0
12/20/2014,520,1.7,99.9,120.9355388,121.4,1.7,6.9,0
12/21/2014,1920,5,99.9,89.30256015,88,5,8.7,0
12/22/2014,1060,3.6,99.9,7.264245057,7.8,3.6,7.9,0
12/23/2014,488,3.7,100,6.538242269,7.4,3.7,8,0
12/24/2014,360,0.3,99.9,22.6140183,25.5,0.3,6.2,0
12/25/2014,289,-1.4,100,6.019668849,6.5,-1.4,5.5,0
12/26/2014,232,-1.5,100,0.315361225,0.4,-1.5,5.5,0
12/27/2014,192,-2.9,100,21.05829804,19,-2.9,4.9,0
12/28/2014,188,-1.9,100,24.48088261,22.2,-1.9,5.3,0
12/29/2014,178,-4.5,98.5,12.96855268,12.8,-4.7,4.3,0.1
12/30/2014,150,-8.3,87.5,0.004217173,0,-10,2.9,0.4
12/31/2014,129,-7,97.9,0.004217173,0,-7.3,3.5,0.1
