DateTime,GSLOOK_discharge,VARMET_450_AirTemp,VARMET_455_precip,VARMET_swe,VARMET_snowDepth
2009-10-23,19.0,6.6,22.2,0.0,0.0
2009-10-24,23.0,3.7,0.5,0.0,0.0
2009-10-25,15.0,6.9,1.7,0.0,0.0
2009-10-26,34.0,3.7,30.9,0.0,0.0
2009-10-27,46.0,-1.3,10.8,7.0,0.0
2009-10-28,31.0,-1.6,0.5,16.0,39.5
2009-10-29,36.0,2.2,28.3,15.0,79.0
2009-10-30,54.0,6.5,1.7,10.0,16.0
2009-10-31,75.0,5.7,28.0,0.0,0.0
2009-11-01,56.0,3.4,0.0,2.0,0.0
2009-11-02,38.0,6.5,0.0,0.0,0.0
2009-11-03,30.0,8.5,0.0,0.0,0.0
2009-11-04,25.0,13.4,0.0,0.0,0.0
2009-11-05,22.0,6.5,18.2,0.0,0.0
2009-11-06,65.0,0.8,18.1,4.0,5.0
2009-11-07,94.0,-0.2,35.3,1.0,0.0
2009-11-08,111.0,0.2,2.2,24.0,147.0
2009-11-09,82.0,1.1,12.2,25.0,177.0
2009-11-10,87.0,1.3,3.5,28.0,161.0
2009-11-11,84.0,-0.6,14.3,26.0,145.0
2009-11-12,83.0,-2.3,13.8,39.0,238.0
2009-11-13,76.0,-3.2,13.7,51.0,297.0
2009-11-14,64.0,-2.6,1.4,64.0,450.0
2009-11-15,54.0,-0.4,0.0,65.0,423.0
2009-11-16,53.0,3.6,0.0,66.0,390.0
2009-11-17,91.0,0.0,27.2,66.0,338.0
2009-11-18,99.0,-1.8,5.4,81.0,453.0
2009-11-19,86.0,0.5,3.1,86.0,473.0
2009-11-20,82.0,-1.0,26.5,91.0,447.0
2009-11-21,78.0,-2.0,12.8,115.0,665.0
2009-11-22,171.0,-2.0,22.3,128.0,709.0
2009-11-23,132.0,-1.0,0.0,156.0,786.0
2009-11-24,104.0,5.6,0.0,157.0,736.0
2009-11-25,95.0,9.3,1.4,158.0,682.0
2009-11-26,110.0,5.1,18.0,158.0,655.0
2009-11-27,209.0,-0.6,12.7,169.0,617.0
2009-11-28,167.0,-1.3,0.0,165.0,557.0
2009-11-29,127.0,4.3,0.0,166.0,555.0
2009-11-30,103.0,5.9,0.0,166.0,579.0
2009-12-01,87.0,1.1,0.0,165.0,582.0
2009-12-02,76.0,0.9,0.0,164.0,573.0
2009-12-03,66.0,3.9,0.0,161.0,565.0
2009-12-04,59.0,0.7,0.0,157.0,555.0
2009-12-05,53.0,-5.7,0.0,159.0,561.0
2009-12-06,50.0,-10.4,0.0,163.0,560.0
2009-12-07,45.0,-13.9,0.0,169.0,561.0
2009-12-08,42.0,-12.6,0.0,163.0,561.0
2009-12-09,40.0,-6.8,0.0,133.0,559.0
2009-12-10,39.0,-2.4,0.0,118.0,558.0
2009-12-11,38.0,0.0,1.4,137.0,558.0
2009-12-12,38.0,0.2,6.3,156.0,563.0
2009-12-13,35.0,-2.8,3.2,166.0,598.0
2009-12-14,34.0,-1.2,14.0,151.0,591.0
2009-12-15,167.0,2.1,54.2,161.0,682.0
2009-12-16,348.0,2.5,33.6,178.0,610.0
2009-12-17,381.0,2.8,7.0,179.0,553.0
2009-12-18,271.0,5.8,3.2,174.0,537.0
2009-12-19,218.0,6.2,5.1,165.0,473.0
2009-12-20,186.0,4.8,16.5,156.0,434.0
2009-12-21,230.0,-0.3,19.2,149.0,398.0
2009-12-22,206.0,-4.6,10.3,147.0,490.0
2009-12-23,161.0,-2.2,0.0,151.0,541.0
2009-12-24,134.0,4.4,0.0,152.0,501.0
2009-12-25,117.0,5.8,0.0,155.0,528.0
2009-12-26,103.0,-1.3,0.0,158.0,530.0
2009-12-27,91.0,0.5,1.8,159.0,527.0
2009-12-28,81.0,0.5,0.0,161.0,501.0
2009-12-29,76.0,-1.5,17.9,167.0,498.0
2009-12-30,75.0,-2.0,22.0,183.0,669.0
2009-12-31,276.0,0.9,71.0,205.0,830.0
2010-01-01,836.0,1.3,26.8,216.0,697.0
2010-01-02,599.0,-0.4,4.3,213.0,639.0
2010-01-03,379.0,3.3,0.0,218.0,667.0
2010-01-04,287.0,5.1,13.8,224.0,635.0
2010-01-05,357.0,5.5,31.4,218.0,621.0
2010-01-06,539.0,3.2,12.5,209.0,519.0
2010-01-07,379.0,2.1,0.0,194.0,486.0
2010-01-08,278.0,5.0,6.9,190.0,468.0
2010-01-09,231.0,5.1,5.3,175.0,452.0
2010-01-10,187.0,6.4,0.0,165.0,433.0
2010-01-11,156.0,8.3,0.0,165.0,418.0
2010-01-12,147.0,3.8,9.8,156.0,392.0
2010-01-13,142.0,1.4,18.1,145.0,362.0
2010-01-14,159.0,0.9,3.2,143.0,374.0
2010-01-15,145.0,4.4,17.8,147.0,390.0
2010-01-16,223.0,1.8,17.5,152.0,404.0
2010-01-17,242.0,2.2,14.8,153.0,371.0
2010-01-18,216.0,2.6,0.0,147.0,380.0
2010-01-19,177.0,3.1,0.0,148.0,383.0
2010-01-20,146.0,1.5,0.0,146.0,371.0
2010-01-21,123.0,2.1,0.0,148.0,370.0
2010-01-22,108.0,-1.5,13.1,150.0,365.0
2010-01-23,94.0,-0.8,0.5,150.0,492.0
2010-01-24,101.0,0.2,20.4,149.0,444.0
2010-01-25,126.0,1.5,5.9,151.0,485.0
2010-01-26,121.0,0.0,4.8,154.0,447.0
2010-01-27,110.0,0.2,0.0,155.0,449.0
2010-01-28,99.0,5.2,0.0,142.0,444.0
2010-01-29,93.0,3.4,5.0,144.0,434.0
2010-01-30,88.0,0.8,6.1,152.0,412.0
2010-01-31,84.0,0.5,3.3,156.0,411.0
2010-02-01,85.0,0.5,13.2,168.0,413.0
2010-02-02,94.0,2.1,0.9,182.0,467.0
2010-02-03,91.0,0.9,7.8,186.0,440.0
2010-02-04,91.0,1.4,8.4,181.0,445.0
2010-02-05,90.0,3.0,3.9,178.0,446.0
2010-02-06,87.0,1.7,11.0,178.0,431.0
2010-02-07,87.0,0.6,6.0,172.0,439.0
2010-02-08,83.0,0.7,0.0,174.0,442.0
2010-02-09,78.0,1.2,0.0,183.0,430.0
2010-02-10,76.0,-0.2,11.7,185.0,434.0
2010-02-11,106.0,2.0,17.4,193.0,488.0
2010-02-12,137.0,0.9,8.2,179.0,445.0
2010-02-13,137.0,3.4,2.9,183.0,467.0
2010-02-14,136.0,2.7,12.8,182.0,445.0
2010-02-15,134.0,4.3,2.9,173.0,408.0
2010-02-16,126.0,4.2,4.2,166.0,387.0
2010-02-17,116.0,4.9,0.0,155.0,372.0
2010-02-18,103.0,1.1,0.0,151.0,359.0
2010-02-19,93.0,0.4,0.0,154.0,353.0
2010-02-20,84.0,-0.6,0.0,149.0,344.0
2010-02-21,77.0,-1.3,0.0,139.0,347.0
2010-02-22,70.0,2.2,0.0,135.0,321.0
2010-02-23,68.0,2.6,14.4,144.0,327.0
2010-02-24,102.0,0.2,24.1,154.0,320.0
2010-02-25,142.0,1.4,6.3,155.0,415.0
2010-02-26,133.0,3.8,4.9,161.0,396.0
2010-02-27,117.0,2.3,0.0,152.0,325.0
2010-02-28,101.0,4.6,0.0,142.0,338.0
2010-03-01,91.0,7.3,0.0,139.0,343.0
2010-03-02,84.0,3.1,4.0,137.0,300.0
2010-03-03,80.0,0.1,9.2,132.0,283.0
2010-03-04,75.0,-0.3,2.7,136.0,306.0
2010-03-05,70.0,1.0,0.0,140.0,328.0
2010-03-06,65.0,5.0,0.0,139.0,325.0
2010-03-07,61.0,2.8,2.1,138.0,298.0
2010-03-08,59.0,-3.1,5.3,131.0,232.0
2010-03-09,55.0,-3.9,4.0,129.0,285.0
2010-03-10,54.0,-3.4,9.5,137.0,335.0
2010-03-11,65.0,-0.8,22.1,139.0,402.0
2010-03-12,92.0,-1.0,24.8,156.0,534.0
2010-03-13,95.0,-3.0,8.3,176.0,720.0
2010-03-14,85.0,0.9,0.2,193.0,720.0
2010-03-15,81.0,7.5,0.0,204.0,688.0
2010-03-16,81.0,4.3,4.9,197.0,606.0
2010-03-17,78.0,1.1,0.0,197.0,505.0
2010-03-18,73.0,3.6,0.0,205.0,561.0
2010-03-19,68.0,6.0,0.0,208.0,511.0
2010-03-20,64.0,9.3,0.0,205.0,502.0
2010-03-21,69.0,1.6,16.5,194.0,416.0
2010-03-22,78.0,-0.7,5.9,192.0,389.0
2010-03-23,71.0,2.9,0.0,199.0,440.0
2010-03-24,67.0,7.5,9.2,199.0,401.0
2010-03-25,87.0,-0.8,32.3,193.0,345.0
2010-03-26,139.0,-1.3,24.1,215.0,638.0
2010-03-27,136.0,3.1,0.0,243.0,785.0
2010-03-28,134.0,2.8,28.2,249.0,668.0
2010-03-29,479.0,0.4,48.8,254.0,541.0
2010-03-30,508.0,-2.9,28.3,259.0,677.0
2010-03-31,341.0,-2.5,5.2,284.0,943.0
2010-04-01,246.0,-2.3,0.0,291.0,860.0
2010-04-02,223.0,-2.5,40.8,299.0,769.0
2010-04-03,218.0,-3.1,12.4,336.0,1173.0
2010-04-04,190.0,-2.1,6.6,359.0,1247.0
2010-04-05,164.0,-2.4,13.1,368.0,1221.0
2010-04-06,152.0,-1.4,17.7,372.0,1306.0
2010-04-07,153.0,2.8,0.4,391.0,1330.0
2010-04-08,168.0,-3.3,15.1,401.0,1199.0
2010-04-09,149.0,-1.8,0.6,408.0,1246.0
2010-04-10,132.0,1.5,2.0,390.0,1160.0
2010-04-11,127.0,2.5,7.3,373.0,1076.0
2010-04-12,125.0,2.8,2.7,379.0,1044.0
2010-04-13,129.0,0.8,11.6,372.0,1001.0
2010-04-14,140.0,2.3,12.2,376.0,972.0
2010-04-15,171.0,3.9,1.0,370.0,923.0
2010-04-16,169.0,6.8,0.0,363.0,858.0
2010-04-17,175.0,6.5,0.0,352.0,816.0
2010-04-18,177.0,9.3,0.0,341.0,770.0
2010-04-19,181.0,8.8,0.0,328.0,705.0
2010-04-20,183.0,2.3,20.3,312.0,661.0
2010-04-21,182.0,-0.7,5.1,303.0,654.0
2010-04-22,148.0,1.9,0.0,304.0,678.0
2010-04-23,127.0,5.2,0.3,295.0,624.0
2010-04-24,117.0,0.6,4.2,277.0,574.0
2010-04-25,104.0,6.4,0.0,266.0,565.0
2010-04-26,98.0,7.6,14.5,255.0,508.0
2010-04-27,145.0,0.2,28.2,252.0,482.0
2010-04-28,164.0,-1.4,24.7,251.0,575.0
2010-04-29,180.0,-1.2,15.3,266.0,748.0
2010-04-30,184.0,0.3,4.7,281.0,811.0
2010-05-01,180.0,0.9,10.5,296.0,744.0
2010-05-02,174.0,2.6,2.0,287.0,677.0
2010-05-03,225.0,0.4,20.5,281.0,620.0
2010-05-04,237.0,-1.6,0.0,277.0,640.0
2010-05-05,196.0,-2.3,9.7,273.0,574.0
2010-05-06,162.0,1.3,0.9,275.0,660.0
2010-05-07,139.0,5.4,0.0,273.0,568.0
2010-05-08,123.0,5.0,0.0,262.0,546.0
2010-05-09,114.0,5.1,8.8,251.0,509.0
2010-05-10,126.0,1.6,13.7,240.0,467.0
2010-05-11,118.0,1.0,4.2,228.0,471.0
2010-05-12,109.0,4.8,0.0,221.0,464.0
2010-05-13,103.0,9.2,0.0,210.0,409.0
2010-05-14,100.0,11.7,0.0,185.0,344.0
2010-05-15,100.0,12.5,0.0,147.0,249.0
2010-05-16,98.0,12.9,0.0,91.0,144.0
2010-05-17,96.0,9.1,18.0,27.0,31.0
2010-05-18,100.0,5.0,14.3,0.0,0.0
2010-05-19,107.0,3.8,21.6,0.0,0.0
2010-05-20,140.0,-0.3,15.5,0.0,0.0
2010-05-21,131.0,-0.8,11.8,10.0,62.0
2010-05-22,121.0,-0.9,9.2,21.0,67.0
2010-05-23,114.0,0.2,5.0,31.0,142.0
2010-05-24,108.0,2.3,0.3,34.0,110.0
2010-05-25,103.0,4.9,5.3,25.0,89.0
2010-05-26,113.0,3.6,13.0,12.0,50.0
2010-05-27,119.0,3.7,9.1,0.0,0.0
2010-05-28,111.0,2.6,1.8,0.0,0.0
2010-05-29,101.0,3.7,1.7,0.0,0.0
2010-05-30,94.0,8.3,0.3,0.0,0.0
2010-05-31,97.0,7.3,15.2,0.0,0.0
2010-06-01,97.0,7.4,12.5,0.0,0.0
2010-06-02,501.0,8.3,78.7,0.0,0.0
2010-06-03,627.0,5.9,25.2,0.0,0.0
2010-06-04,726.0,7.7,43.4,0.0,0.0
2010-06-05,542.0,9.3,0.0,0.0,0.0
2010-06-06,366.0,9.6,9.5,0.0,0.0
2010-06-07,288.0,8.3,4.6,0.0,0.0
2010-06-08,218.0,10.7,4.1,0.0,0.0
2010-06-09,201.0,6.1,25.9,0.0,0.0
2010-06-10,214.0,2.8,11.0,0.0,0.0
2010-06-11,195.0,6.1,1.9,0.0,0.0
2010-06-12,166.0,13.3,0.0,0.0,0.0
2010-06-13,141.0,13.7,0.0,0.0,0.0
2010-06-14,121.0,8.8,0.0,0.0,0.0
2010-06-15,107.0,3.0,1.9,0.0,0.0
2010-06-16,99.0,2.1,13.4,0.0,0.0
2010-06-17,91.0,4.3,1.6,0.0,0.0
2010-06-18,82.0,7.1,0.0,0.0,0.0
2010-06-19,76.0,5.6,0.6,0.0,0.0
2010-06-20,71.0,4.8,6.6,0.0,0.0
2010-06-21,66.0,9.1,0.0,0.0,0.0
2010-06-22,62.0,13.4,0.0,0.0,0.0
2010-06-23,59.0,14.5,0.0,0.0,0.0
2010-06-24,55.0,15.2,0.0,0.0,0.0
2010-06-25,52.0,13.5,0.0,0.0,0.0
2010-06-26,50.0,14.3,0.0,0.0,0.0
2010-06-27,47.0,15.4,0.0,0.0,0.0
2010-06-28,45.0,14.7,0.0,0.0,0.0
2010-06-29,43.0,9.3,0.0,0.0,0.0
2010-06-30,42.0,9.2,0.1,0.0,0.0
2010-07-01,41.0,8.4,0.7,0.0,0.0
2010-07-02,41.0,5.5,10.1,0.0,0.0
2010-07-03,39.0,7.9,0.0,0.0,0.0
2010-07-04,38.0,10.2,0.3,0.0,0.0
2010-07-05,36.0,10.0,0.0,0.0,0.0
2010-07-06,34.0,15.9,0.1,0.0,0.0
2010-07-07,33.0,20.2,0.0,0.0,0.0
2010-07-08,32.0,22.6,0.0,0.0,0.0
2010-07-09,31.0,21.8,0.0,0.0,0.0
2010-07-10,30.0,18.8,0.0,0.0,0.0
2010-07-11,29.0,17.7,0.0,0.0,0.0
2010-07-12,29.0,13.8,0.0,0.0,0.0
2010-07-13,28.0,10.8,0.0,0.0,0.0
2010-07-14,27.0,16.3,0.0,0.0,0.0
2010-07-15,26.0,19.9,0.0,0.0,0.0
2010-07-16,25.0,17.6,0.0,0.0,0.0
2010-07-17,24.0,16.0,0.0,0.0,0.0
2010-07-18,24.0,13.7,0.0,0.0,0.0
2010-07-19,23.0,14.0,0.0,0.0,0.0
2010-07-20,23.0,15.2,0.0,0.0,0.0
2010-07-21,23.0,15.8,0.0,0.0,0.0
2010-07-22,22.0,15.8,0.0,0.0,0.0
2010-07-23,22.0,18.4,0.0,0.0,0.0
2010-07-24,21.0,21.5,0.0,0.0,0.0
2010-07-25,21.0,20.9,0.0,0.0,0.0
2010-07-26,20.0,20.0,0.0,0.0,0.0
2010-07-27,20.0,19.8,0.0,0.0,0.0
2010-07-28,19.0,18.2,0.0,0.0,0.0
2010-07-29,19.0,18.0,0.0,0.0,0.0
2010-07-30,19.0,15.9,0.0,0.0,0.0
2010-07-31,18.0,13.4,0.0,0.0,0.0
2010-08-01,18.0,14.6,0.0,0.0,0.0
2010-08-02,18.0,16.3,0.0,0.0,0.0
2010-08-03,17.0,16.8,0.0,0.0,0.0
2010-08-04,17.0,16.8,0.0,0.0,0.0
2010-08-05,17.0,17.2,0.0,0.0,0.0
2010-08-06,17.0,16.3,0.0,0.0,0.0
2010-08-07,16.0,14.4,0.0,0.0,0.0
2010-08-08,16.0,14.5,0.0,0.0,0.0
2010-08-09,16.0,13.1,0.0,0.0,0.0
2010-08-10,16.0,11.6,0.0,0.0,0.0
2010-08-11,15.0,12.1,0.0,0.0,0.0
2010-08-12,15.0,16.1,0.0,0.0,0.0
2010-08-13,15.0,18.6,0.0,0.0,0.0
2010-08-14,14.0,21.0,0.1,0.0,0.0
2010-08-15,14.0,22.8,0.0,0.0,0.0
2010-08-16,14.0,23.5,0.0,0.0,0.0
2010-08-17,14.0,21.7,1.2,0.0,0.0
2010-08-18,14.0,16.1,0.0,0.0,0.0
2010-08-19,13.0,15.0,0.0,0.0,0.0
2010-08-20,13.0,15.2,0.0,0.0,0.0
2010-08-21,13.0,11.7,0.0,0.0,0.0
2010-08-22,13.0,8.6,0.0,0.0,0.0
2010-08-23,13.0,14.2,0.0,0.0,0.0
2010-08-24,12.0,20.3,0.0,0.0,0.0
2010-08-25,12.0,24.1,0.0,0.0,0.0
2010-08-26,12.0,13.3,0.0,0.0,0.0
2010-08-27,12.0,9.1,0.0,0.0,0.0
2010-08-28,12.0,8.4,0.0,0.0,0.0
2010-08-29,12.0,6.8,0.0,0.0,0.0
2010-08-30,16.0,5.7,18.5,0.0,0.0
2010-08-31,14.0,8.3,2.4,0.0,0.0
2010-09-01,17.0,10.1,16.2,0.0,0.0
2010-09-02,15.0,15.8,0.0,0.0,0.0
2010-09-03,13.0,19.1,0.0,0.0,0.0
2010-09-04,12.0,10.8,0.0,0.0,0.0
2010-09-05,12.0,6.5,0.0,0.0,0.0
2010-09-06,12.0,9.7,0.0,0.0,0.0
2010-09-07,13.0,8.1,13.2,0.0,0.0
2010-09-08,17.0,6.7,11.8,0.0,0.0
2010-09-09,18.0,5.9,9.2,0.0,0.0
2010-09-10,15.0,8.3,0.4,0.0,0.0
2010-09-11,13.0,11.8,0.0,0.0,0.0
2010-09-12,12.0,13.7,0.2,0.0,0.0
2010-09-13,12.0,14.2,0.0,0.0,0.0
2010-09-14,12.0,14.0,0.0,0.0,0.0
2010-09-15,12.0,13.7,0.0,0.0,0.0
2010-09-16,11.0,13.1,0.0,0.0,0.0
2010-09-17,12.0,14.0,6.8,0.0,0.0
2010-09-18,16.0,11.5,26.0,0.0,0.0
2010-09-19,48.0,8.8,56.2,0.0,0.0
2010-09-20,56.0,6.7,6.3,0.0,0.0
2010-09-21,28.0,6.6,0.5,0.0,0.0
2010-09-22,21.0,7.6,0.0,0.0,0.0
2010-09-23,18.0,7.5,3.7,0.0,0.0
2010-09-24,17.0,12.2,0.8,0.0,0.0
2010-09-25,16.0,16.2,0.0,0.0,0.0
2010-09-26,15.0,14.5,0.0,0.0,0.0
2010-09-27,14.0,17.7,0.0,0.0,0.0
2010-09-28,14.0,17.0,0.0,0.0,0.0
2010-09-29,13.0,17.6,0.0,0.0,0.0
2010-09-30,13.0,19.6,0.0,0.0,0.0
2010-10-01,13.0,17.9,0.0,0.0,0.0
2010-10-02,13.0,15.4,0.0,0.0,0.0
2010-10-03,12.0,8.8,0.0,0.0,0.0
2010-10-04,12.0,5.4,0.0,0.0,0.0
2010-10-05,12.0,7.3,0.2,0.0,0.0
2010-10-06,12.0,11.5,0.0,0.0,0.0
2010-10-07,12.0,9.6,0.0,0.0,0.0
2010-10-08,11.0,10.1,0.3,0.0,0.0
2010-10-09,23.0,10.8,32.4,0.0,0.0
2010-10-10,25.0,8.1,9.4,0.0,0.0
2010-10-11,22.0,4.9,0.0,0.0,0.0
2010-10-12,17.0,11.1,0.0,0.0,0.0
2010-10-13,15.0,15.8,0.0,0.0,0.0
2010-10-14,14.0,12.4,0.0,0.0,0.0
2010-10-15,14.0,6.8,0.4,0.0,0.0
2010-10-16,13.0,7.8,0.0,0.0,0.0
2010-10-17,13.0,8.0,0.0,0.0,0.0
2010-10-18,12.0,10.2,0.0,0.0,0.0
2010-10-19,12.0,13.1,0.0,0.0,0.0
2010-10-20,12.0,15.4,0.0,0.0,0.0
2010-10-21,11.0,9.4,0.3,0.0,0.0
2010-10-22,12.0,5.1,14.3,0.0,0.0
2010-10-23,16.0,4.8,28.0,0.0,0.0
2010-10-24,95.0,2.6,65.8,0.0,0.0
2010-10-25,163.0,-0.3,46.1,18.0,0.0
2010-10-26,142.0,-1.2,14.8,59.0,0.0
2010-10-27,99.0,0.4,0.9,73.0,0.0
2010-10-28,81.0,3.1,9.5,74.0,0.0
2010-10-29,85.0,5.2,1.2,69.0,0.0
2010-10-30,78.0,4.6,9.8,62.0,0.0
2010-10-31,103.0,4.1,7.0,56.0,0.0
2010-11-01,89.0,7.2,7.5,41.0,0.0
2010-11-02,97.0,9.6,7.3,22.0,0.0
2010-11-03,82.0,11.4,1.5,0.0,0.0
2010-11-04,68.0,15.1,0.4,1.0,0.0
2010-11-05,59.0,11.5,0.0,2.0,0.0
2010-11-06,53.0,7.6,21.3,2.0,0.0
2010-11-07,103.0,1.1,31.5,5.0,0.0
2010-11-08,99.0,-1.0,8.3,8.0,0.0
2010-11-09,111.0,-1.0,28.2,16.0,9.0
2010-11-10,171.0,-0.2,7.5,44.0,183.0
2010-11-11,133.0,0.7,4.0,52.0,260.0
2010-11-12,108.0,0.6,0.4,53.0,244.0
2010-11-13,92.0,2.9,8.4,51.0,189.0
2010-11-14,112.0,4.6,18.6,50.0,148.0
2010-11-15,137.0,4.8,18.0,36.0,85.0
2010-11-16,159.0,1.3,5.1,20.0,41.0
2010-11-17,136.0,0.7,24.4,13.0,1.0
2010-11-18,250.0,-2.2,30.0,15.0,19.0
2010-11-19,202.0,-2.8,6.8,38.0,283.0
2010-11-20,155.0,-2.7,0.7,47.0,215.0
2010-11-21,126.0,-4.2,19.0,48.0,286.0
2010-11-22,114.0,-4.4,40.4,67.0,432.0
2010-11-23,101.0,-10.3,6.8,129.0,915.0
2010-11-24,85.0,-8.1,0.8,139.0,937.0
2010-11-25,77.0,-2.2,0.0,139.0,836.0
2010-11-26,89.0,0.1,23.5,140.0,797.0
2010-11-27,147.0,-2.1,15.0,161.0,733.0
2010-11-28,133.0,-3.2,11.8,175.0,850.0
2010-11-29,113.0,-2.8,1.7,189.0,887.0
2010-11-30,199.0,0.2,46.2,193.0,837.0
2010-12-01,518.0,1.0,18.0,228.0,947.0
2010-12-02,417.0,-1.1,13.4,225.0,785.0
2010-12-03,305.0,-2.8,0.0,239.0,815.0
2010-12-04,225.0,-1.0,0.3,241.0,756.0
2010-12-05,176.0,0.7,0.2,242.0,750.0
2010-12-06,165.0,2.7,6.9,246.0,741.0
2010-12-07,166.0,5.0,0.2,246.0,707.0
2010-12-08,203.0,2.1,19.7,247.0,676.0
2010-12-09,271.0,1.7,24.2,242.0,638.0
2010-12-10,442.0,-0.5,16.0,238.0,606.0
2010-12-11,611.0,2.6,46.6,242.0,685.0
2010-12-12,867.0,4.9,30.5,245.0,592.0
2010-12-13,1050.0,4.4,44.4,233.0,531.0
2010-12-14,841.0,-1.6,37.9,220.0,471.0
2010-12-15,531.0,-2.9,7.5,244.0,781.0
2010-12-16,347.0,-3.5,0.0,252.0,832.0
2010-12-17,248.0,-3.5,0.5,255.0,805.0
2010-12-18,197.0,-2.1,24.8,265.0,783.0
2010-12-19,164.0,-2.3,10.0,283.0,1011.0
2010-12-20,145.0,-1.5,6.9,297.0,1070.0
2010-12-21,133.0,-0.2,0.0,302.0,1134.0
2010-12-22,124.0,-1.0,3.3,305.0,1078.0
2010-12-23,112.0,-0.3,0.2,306.0,1052.0
2010-12-24,104.0,2.2,0.3,310.0,1020.0
2010-12-25,103.0,3.8,6.2,314.0,972.0
2010-12-26,110.0,-2.7,23.5,317.0,969.0
2010-12-27,125.0,-1.2,32.2,337.0,1180.0
2010-12-28,559.0,0.0,54.9,377.0,1378.0
2010-12-29,606.0,-5.3,22.4,401.0,1341.0
2010-12-30,325.0,-6.9,8.5,432.0,1581.0
2010-12-31,222.0,-8.4,0.1,448.0,1574.0
2011-01-01,172.0,-1.8,0.0,453.0,1487.0
2011-01-02,139.0,-3.0,0.0,454.0,1440.0
2011-01-03,119.0,-0.4,0.0,458.0,1394.0
2011-01-04,106.0,0.5,0.0,460.0,1365.0
2011-01-05,96.0,1.3,0.0,463.0,1346.0
2011-01-06,89.0,4.2,0.0,464.0,1329.0
2011-01-07,85.0,1.2,9.0,469.0,1300.0
2011-01-08,87.0,-4.0,3.6,479.0,1330.0
2011-01-09,82.0,-5.2,6.2,481.0,1360.0
2011-01-10,77.0,-6.1,1.2,485.0,1438.0
2011-01-11,73.0,-2.5,4.1,493.0,1406.0
2011-01-12,95.0,2.7,20.5,499.0,1395.0
2011-01-13,301.0,3.3,40.1,470.0,1267.0
2011-01-14,504.0,3.8,9.1,469.0,1227.0
2011-01-15,574.0,4.8,56.6,463.0,1166.0
2011-01-16,2760.0,5.6,91.4,471.0,1085.0
2011-01-17,1690.0,2.2,7.7,440.0,1020.0
2011-01-18,732.0,0.1,21.7,418.0,994.0
2011-01-19,567.0,-0.6,2.0,427.0,1016.0
2011-01-20,395.0,2.9,0.8,423.0,1024.0
2011-01-21,304.0,2.8,10.5,428.0,1011.0
2011-01-22,248.0,3.4,0.0,435.0,1002.0
2011-01-23,204.0,6.5,0.0,431.0,990.0
2011-01-24,174.0,4.7,0.0,429.0,983.0
2011-01-25,153.0,4.4,0.0,432.0,978.0
2011-01-26,134.0,9.5,0.1,429.0,967.0
2011-01-27,122.0,9.6,0.0,434.0,952.0
2011-01-28,114.0,3.3,0.0,441.0,942.0
2011-01-29,107.0,2.5,0.0,438.0,946.0
2011-01-30,97.0,2.2,0.0,439.0,936.0
2011-01-31,89.0,0.6,0.5,424.0,928.0
2011-02-01,82.0,-2.0,0.0,424.0,926.0
2011-02-02,76.0,4.7,0.0,425.0,924.0
2011-02-03,70.0,6.2,0.0,424.0,904.0
2011-02-04,67.0,4.4,6.9,426.0,902.0
2011-02-05,80.0,2.7,16.1,425.0,885.0
2011-02-06,83.0,3.2,3.7,409.0,871.0
2011-02-07,85.0,-1.4,10.7,400.0,855.0
2011-02-08,80.0,-3.1,7.6,407.0,934.0
2011-02-09,73.0,-2.3,0.0,408.0,993.0
2011-02-10,68.0,1.6,0.1,424.0,985.0
2011-02-11,65.0,6.6,0.0,432.0,961.0
2011-02-12,63.0,4.9,3.7,435.0,933.0
2011-02-13,68.0,2.5,3.8,441.0,920.0
2011-02-14,73.0,1.7,25.8,439.0,908.0
2011-02-15,107.0,-2.2,57.2,439.0,1058.0
2011-02-16,108.0,-4.2,15.0,495.0,1627.0
2011-02-17,97.0,-3.7,4.8,509.0,1728.0
2011-02-18,87.0,-3.6,1.8,524.0,1678.0
2011-02-19,81.0,-4.4,1.2,538.0,1631.0
2011-02-20,74.0,-4.6,5.3,534.0,1606.0
2011-02-21,68.0,-2.8,2.1,546.0,1616.0
2011-02-22,67.0,-4.7,10.8,556.0,1560.0
2011-02-23,65.0,-5.5,21.8,568.0,1642.0
2011-02-24,62.0,-7.8,14.5,603.0,1914.0
2011-02-25,57.0,-12.0,0.0,619.0,2011.0
2011-02-26,55.0,-9.8,0.1,625.0,1917.0
2011-02-27,53.0,-4.6,1.4,628.0,1845.0
2011-02-28,65.0,-1.7,33.3,639.0,1805.0
2011-03-01,112.0,0.4,6.9,666.0,2018.0
2011-03-02,124.0,-0.5,14.3,701.0,1981.0
2011-03-03,124.0,-2.5,10.7,695.0,1995.0
2011-03-04,127.0,-0.3,19.0,709.0,2061.0
2011-03-05,218.0,0.3,8.3,734.0,2135.0
2011-03-06,203.0,-0.1,0.0,755.0,2027.0
2011-03-07,163.0,-2.8,2.0,762.0,1975.0
2011-03-08,166.0,-0.5,28.8,761.0,1958.0
2011-03-09,225.0,2.2,1.5,776.0,2052.0
2011-03-10,374.0,-0.5,43.7,777.0,1951.0
2011-03-11,379.0,-1.1,0.0,719.0,2103.0
2011-03-12,273.0,-0.4,5.8,760.0,2039.0
2011-03-13,236.0,1.2,10.4,783.0,2069.0
2011-03-14,243.0,0.2,3.2,791.0,1989.0
2011-03-15,308.0,0.8,34.0,815.0,1979.0
2011-03-16,402.0,-2.5,31.5,731.0,1999.0
2011-03-17,330.0,-1.6,4.2,770.0,2293.0
2011-03-18,266.0,-1.4,9.4,824.0,2219.0
2011-03-19,220.0,-2.1,2.7,854.0,2282.0
2011-03-20,184.0,-0.5,5.9,875.0,2223.0
2011-03-21,175.0,-1.4,15.5,885.0,2207.0
2011-03-22,162.0,-1.4,2.1,892.0,2320.0
2011-03-23,144.0,0.2,0.9,911.0,2263.0
2011-03-24,133.0,-0.1,8.4,934.0,2222.0
2011-03-25,132.0,-1.7,21.9,931.0,2245.0
2011-03-26,160.0,-1.3,21.4,955.0,2479.0
2011-03-27,186.0,-1.8,27.1,973.0,2591.0
2011-03-28,204.0,-0.8,12.4,996.0,2785.0
2011-03-29,253.0,-0.1,44.3,1019.0,2725.0
2011-03-30,491.0,3.7,9.5,1051.0,2796.0
2011-03-31,564.0,4.7,5.1,939.0,2611.0
2011-04-01,514.0,6.7,4.6,922.0,2481.0
2011-04-02,469.0,-2.3,12.4,915.0,2351.0
2011-04-03,343.0,-1.6,1.0,921.0,2432.0
2011-04-04,278.0,1.0,28.8,947.0,2382.0
2011-04-05,441.0,-1.0,9.1,967.0,2332.0
2011-04-06,363.0,-3.2,40.5,954.0,2364.0
2011-04-07,297.0,-3.8,2.8,1015.0,2764.0
2011-04-08,239.0,-1.7,0.0,1029.0,2697.0
2011-04-09,198.0,-0.5,0.0,1044.0,2599.0
2011-04-10,169.0,1.5,3.5,1050.0,2556.0
2011-04-11,176.0,-1.6,13.0,1060.0,2487.0
2011-04-12,162.0,0.0,0.3,1074.0,2532.0
2011-04-13,147.0,-1.8,7.6,1089.0,2460.0
2011-04-14,145.0,-1.2,20.0,1064.0,2535.0
2011-04-15,226.0,1.9,36.5,1089.0,2657.0
2011-04-16,640.0,2.7,13.5,1081.0,2519.0
2011-04-17,702.0,1.0,0.5,1062.0,2459.0
2011-04-18,441.0,-1.4,1.8,1054.0,2422.0
2011-04-19,311.0,0.1,0.1,1038.0,2380.0
2011-04-20,240.0,1.9,0.0,1052.0,2355.0
2011-04-21,195.0,-2.4,0.0,1045.0,2360.0
2011-04-22,162.0,1.6,0.0,1042.0,2341.0
2011-04-23,142.0,5.3,0.0,1057.0,2310.0
2011-04-24,143.0,0.1,0.0,1028.0,2264.0
2011-04-25,191.0,-0.1,0.0,1032.0,2291.0
2011-04-26,229.0,-0.8,0.0,1033.0,2377.0
2011-04-27,219.0,0.1,4.8,1057.0,2445.0
2011-04-28,206.0,-2.7,19.4,1078.0,2390.0
2011-04-29,195.0,-1.6,16.0,1100.0,2597.0
2011-04-30,186.0,0.1,0.0,1115.0,2665.0
2011-05-01,170.0,5.0,0.0,1132.0,2559.0
2011-05-02,163.0,2.2,1.6,1147.0,2430.0
2011-05-03,152.0,2.0,0.0,1103.0,2430.0
2011-05-04,145.0,8.7,0.0,1100.0,2355.0
2011-05-05,161.0,4.9,0.0,1078.0,2303.0
2011-05-06,173.0,2.5,6.5,1067.0,2257.0
2011-05-07,191.0,1.3,4.7,1074.0,2239.0
2011-05-08,198.0,-0.2,11.0,1065.0,2213.0
2011-05-09,178.0,1.2,2.0,1058.0,2253.0
2011-05-10,164.0,5.8,0.0,1058.0,2225.0
2011-05-11,181.0,4.6,15.4,1056.0,2160.0
2011-05-12,222.0,2.8,3.7,1041.0,2116.0
2011-05-13,199.0,6.7,0.0,1023.0,2070.0
2011-05-14,193.0,3.5,0.0,1023.0,2018.0
2011-05-15,181.0,1.1,10.9,1014.0,1978.0
2011-05-16,175.0,1.1,12.5,991.0,1992.0
2011-05-17,162.0,2.2,10.7,1000.0,1977.0
2011-05-18,172.0,3.0,12.5,995.0,1959.0
2011-05-19,182.0,5.3,0.0,967.0,1938.0
2011-05-20,173.0,7.6,1.3,956.0,1905.0
2011-05-21,177.0,3.5,2.8,947.0,1839.0
2011-05-22,162.0,2.8,3.0,936.0,1813.0
2011-05-23,145.0,2.4,1.5,925.0,1793.0
2011-05-24,135.0,6.1,0.0,910.0,1755.0
2011-05-25,161.0,2.1,22.0,902.0,1681.0
2011-05-26,169.0,1.0,11.5,879.0,1672.0
2011-05-27,261.0,0.2,26.7,879.0,1655.0
2011-05-28,301.0,0.6,17.5,889.0,1777.0
2011-05-29,244.0,1.0,8.8,894.0,1745.0
2011-05-30,213.0,3.1,10.2,894.0,1732.0
2011-05-31,212.0,2.7,10.0,885.0,1688.0
2011-06-01,209.0,1.2,8.1,869.0,1648.0
2011-06-02,209.0,1.9,10.2,867.0,1665.0
2011-06-03,196.0,7.9,0.6,861.0,1631.0
2011-06-04,198.0,11.4,0.0,839.0,1561.0
2011-06-05,216.0,9.6,9.8,808.0,1446.0
2011-06-06,221.0,6.0,7.1,793.0,1397.0
2011-06-07,195.0,4.3,0.6,755.0,1354.0
2011-06-08,168.0,4.7,0.0,730.0,1305.0
2011-06-09,148.0,8.9,0.0,706.0,1261.0
2011-06-10,145.0,8.1,0.0,687.0,1173.0
2011-06-11,139.0,7.0,0.0,663.0,1131.0
2011-06-12,129.0,7.5,11.5,632.0,1070.0
2011-06-13,144.0,7.4,4.5,608.0,1036.0
2011-06-14,132.0,8.2,0.0,556.0,960.0
2011-06-15,118.0,5.0,0.0,531.0,866.0
2011-06-16,105.0,6.4,0.0,504.0,832.0
2011-06-17,96.0,9.9,0.0,465.0,746.0
2011-06-18,96.0,6.6,19.9,416.0,654.0
2011-06-19,104.0,7.5,2.5,386.0,603.0
2011-06-20,97.0,12.3,0.2,351.0,527.0
2011-06-21,96.0,16.1,0.0,283.0,408.0
2011-06-22,96.0,14.0,0.0,215.0,288.0
2011-06-23,87.0,5.8,0.0,127.0,168.0
2011-06-24,73.0,7.1,0.0,80.0,116.0
2011-06-25,66.0,9.7,0.1,18.0,42.0
2011-06-26,62.0,12.9,0.0,1.0,0.0
2011-06-27,60.0,14.7,1.0,0.0,0.0
2011-06-28,65.0,10.8,7.3,0.0,0.0
2011-06-29,60.0,8.7,2.0,0.0,0.0
2011-06-30,55.0,7.2,4.8,0.0,0.0
2011-07-01,50.0,12.9,0.0,0.0,0.0
2011-07-02,48.0,15.3,0.0,0.0,0.0
2011-07-03,46.0,13.0,0.0,0.0,0.0
2011-07-04,44.0,14.7,0.0,0.0,0.0
2011-07-05,41.0,18.2,0.0,0.0,0.0
2011-07-06,40.0,18.7,0.0,0.0,0.0
2011-07-07,39.0,12.8,0.0,0.0,0.0
2011-07-08,37.0,11.6,0.0,0.0,0.0
2011-07-09,35.0,12.8,0.0,0.0,0.0
2011-07-10,33.0,13.5,0.0,0.0,0.0
2011-07-11,32.0,11.2,0.0,0.0,0.0
2011-07-12,32.0,8.6,13.4,0.0,0.0
2011-07-13,33.0,8.8,0.0,0.0,0.0
2011-07-14,31.0,10.3,0.0,0.0,0.0
2011-07-15,29.0,13.0,0.1,0.0,0.0
2011-07-16,31.0,10.4,9.4,0.0,0.0
2011-07-17,30.0,9.7,2.4,0.0,0.0
2011-07-18,29.0,11.7,5.8,0.0,0.0
2011-07-19,49.0,8.4,31.0,0.0,0.0
2011-07-20,39.0,10.3,0.5,0.0,0.0
2011-07-21,33.0,9.9,0.0,0.0,0.0
2011-07-22,32.0,12.2,0.0,0.0,0.0
2011-07-23,29.0,17.6,0.0,0.0,0.0
2011-07-24,28.0,20.0,0.0,0.0,0.0
2011-07-25,28.0,11.3,0.0,0.0,0.0
2011-07-26,27.0,12.0,0.0,0.0,0.0
2011-07-27,26.0,12.7,0.0,0.0,0.0
2011-07-28,25.0,16.1,0.0,0.0,0.0
2011-07-29,25.0,17.9,0.0,0.0,0.0
2011-07-30,24.0,17.1,0.0,0.0,0.0
2011-07-31,23.0,16.6,0.0,0.0,0.0
2011-08-01,23.0,17.3,0.0,0.0,0.0
2011-08-02,23.0,15.7,0.0,0.0,0.0
2011-08-03,22.0,16.1,0.0,0.0,0.0
2011-08-04,22.0,15.6,0.0,0.0,0.0
2011-08-05,21.0,14.5,0.0,0.0,0.0
2011-08-06,21.0,15.0,0.0,0.0,0.0
2011-08-07,20.0,15.3,0.0,0.0,0.0
2011-08-08,20.0,14.3,0.0,0.0,0.0
2011-08-09,20.0,11.7,0.0,0.0,0.0
2011-08-10,19.0,12.7,0.0,0.0,0.0
2011-08-11,19.0,14.3,0.0,0.0,0.0
2011-08-12,19.0,15.7,0.0,0.0,0.0
2011-08-13,19.0,13.5,0.0,0.0,0.0
2011-08-14,18.0,12.0,0.0,0.0,0.0
2011-08-15,18.0,12.6,0.0,0.0,0.0
2011-08-16,18.0,16.0,0.0,0.0,0.0
2011-08-17,18.0,16.2,0.0,0.0,0.0
2011-08-18,17.0,15.0,0.0,0.0,0.0
2011-08-19,17.0,15.9,0.0,0.0,0.0
2011-08-20,16.0,20.4,0.0,0.0,0.0
2011-08-21,16.0,19.8,0.0,0.0,0.0
2011-08-22,16.0,16.0,0.0,0.0,0.0
2011-08-23,16.0,16.9,0.0,0.0,0.0
2011-08-24,16.0,18.7,0.0,0.0,0.0
2011-08-25,16.0,18.5,0.0,0.0,0.0
2011-08-26,15.0,19.3,0.6,0.0,0.0
2011-08-27,15.0,19.6,0.0,0.0,0.0
2011-08-28,15.0,17.5,0.0,0.0,0.0
2011-08-29,15.0,15.1,0.0,0.0,0.0
2011-08-30,15.0,9.9,0.0,0.0,0.0
2011-08-31,14.0,6.3,0.0,0.0,0.0
2011-09-01,14.0,11.1,0.0,0.0,0.0
2011-09-02,14.0,14.3,0.0,0.0,0.0
2011-09-03,14.0,17.2,0.0,0.0,0.0
2011-09-04,14.0,21.4,0.0,0.0,0.0
2011-09-05,14.0,19.3,0.0,0.0,0.0
2011-09-06,14.0,20.6,0.0,0.0,0.0
2011-09-07,13.0,22.7,0.0,0.0,0.0
2011-09-08,13.0,21.5,0.0,0.0,0.0
2011-09-09,13.0,22.6,0.0,0.0,0.0
2011-09-10,13.0,22.8,0.0,0.0,0.0
2011-09-11,13.0,22.5,0.0,0.0,0.0
2011-09-12,13.0,17.5,0.0,0.0,0.0
2011-09-13,13.0,17.8,0.0,0.0,0.0
2011-09-14,13.0,11.6,0.5,0.0,0.0
2011-09-15,13.0,8.2,0.5,0.0,0.0
2011-09-16,13.0,8.0,0.0,0.0,0.0
2011-09-17,13.0,9.3,0.0,0.0,0.0
2011-09-18,13.0,12.9,0.0,0.0,0.0
2011-09-19,13.0,13.6,0.0,0.0,0.0
2011-09-20,13.0,16.1,0.0,0.0,0.0
2011-09-21,13.0,18.4,0.0,0.0,0.0
2011-09-22,13.0,17.8,0.0,0.0,0.0
2011-09-23,12.0,19.3,0.0,0.0,0.0
2011-09-24,12.0,18.8,0.0,0.0,0.0
2011-09-25,13.0,7.8,10.5,0.0,0.0
2011-09-26,14.0,9.4,0.3,0.0,0.0
2011-09-27,13.0,8.1,5.9,0.0,0.0
2011-09-28,13.0,10.2,0.4,0.0,0.0
2011-09-29,13.0,18.9,0.0,0.0,0.0
2011-09-30,12.0,16.5,0.0,0.0,0.0
2011-10-01,12.0,8.5,0.6,0.0,0.0
2011-10-02,13.0,8.8,6.5,0.0,0.0
2011-10-03,14.0,5.6,11.4,0.0,0.0
2011-10-04,17.0,5.2,13.4,0.0,0.0
2011-10-05,21.0,1.6,10.8,0.0,1.0
2011-10-06,17.0,2.4,5.2,0.0,2.0
2011-10-07,15.0,4.9,7.3,0.0,4.0
2011-10-08,14.0,7.3,0.4,0.0,6.0
2011-10-09,14.0,7.7,1.1,0.0,5.0
2011-10-10,26.0,7.9,40.9,0.0,4.0
2011-10-11,39.0,5.3,17.8,0.0,0.0
2011-10-12,26.0,6.0,0.2,0.0,3.0
2011-10-13,19.0,8.2,0.0,0.0,0.0
2011-10-14,17.0,12.0,0.0,0.0,0.0
2011-10-15,15.0,11.7,1.9,0.0,0.0
2011-10-16,16.0,8.0,3.5,0.0,0.0
2011-10-17,15.0,11.0,0.3,0.0,0.0
2011-10-18,15.0,13.6,0.0,0.0,0.0
2011-10-19,14.0,7.6,0.0,0.0,0.0
2011-10-20,14.0,9.5,0.0,0.0,0.0
2011-10-21,14.0,7.1,0.0,0.0,0.0
2011-10-22,14.0,9.1,0.0,0.0,0.0
2011-10-23,13.0,9.7,0.0,0.0,0.0
2011-10-24,13.0,2.8,0.4,0.0,0.0
2011-10-25,13.0,2.4,0.0,0.0,0.0
2011-10-26,13.0,4.1,0.0,0.0,0.0
2011-10-27,13.0,7.8,0.0,0.0,0.0
2011-10-28,13.0,7.5,10.2,0.0,0.0
2011-10-29,17.0,7.7,3.2,0.0,0.0
2011-10-30,16.0,9.0,16.0,0.0,0.0
2011-10-31,20.0,1.3,0.6,0.0,0.0
2011-11-01,17.0,1.2,0.5,0.0,1.0
2011-11-02,16.0,7.6,0.0,0.0,0.0
2011-11-03,17.0,-0.9,8.7,0.0,0.0
2011-11-04,16.0,-2.8,0.0,5.0,55.0
2011-11-05,16.0,-1.2,4.9,4.0,40.0
2011-11-06,17.0,-0.4,0.7,9.0,94.0
2011-11-07,16.0,-0.5,1.3,8.0,58.0
2011-11-08,16.0,1.2,0.0,9.0,94.0
2011-11-09,15.0,5.2,0.0,8.0,70.0
2011-11-10,15.0,8.2,0.0,5.0,39.0
2011-11-11,15.0,5.4,4.5,2.0,30.0
2011-11-12,17.0,-1.1,10.6,1.0,19.0
2011-11-13,23.0,0.6,6.2,9.0,90.0
2011-11-14,27.0,0.5,11.3,7.0,63.0
2011-11-15,29.0,-0.3,0.3,9.0,53.0
2011-11-16,37.0,2.6,45.3,6.0,48.0
2011-11-17,194.0,-0.2,38.5,3.0,3.0
2011-11-18,111.0,-3.9,31.5,25.0,207.0
2011-11-19,71.0,-3.2,19.3,60.0,508.0
2011-11-20,52.0,-1.6,0.6,77.0,536.0
2011-11-21,62.0,0.1,24.1,77.0,511.0
2011-11-22,328.0,3.1,21.8,90.0,507.0
2011-11-23,237.0,1.5,15.2,84.0,401.0
2011-11-24,183.0,-1.2,19.5,93.0,378.0
2011-11-25,201.0,-0.9,1.6,113.0,423.0
2011-11-26,141.0,4.9,0.0,114.0,423.0
2011-11-27,121.0,4.8,4.8,113.0,397.0
2011-11-28,116.0,3.2,1.5,113.0,385.0
2011-11-29,101.0,3.0,1.0,107.0,350.0
2011-11-30,92.0,-0.6,7.4,106.0,346.0
2011-12-01,80.0,1.9,0.0,113.0,376.0
2011-12-02,71.0,0.1,0.0,117.0,369.0
2011-12-03,64.0,0.5,0.0,117.0,367.0
2011-12-04,57.0,-0.2,0.0,116.0,366.0
2011-12-05,52.0,3.9,0.0,133.0,363.0
2011-12-06,48.0,5.3,0.0,124.0,357.0
2011-12-07,45.0,4.9,0.0,115.0,356.0
2011-12-08,43.0,5.1,0.0,114.0,374.0
2011-12-09,41.0,8.7,0.0,114.0,364.0
2011-12-10,39.0,3.4,0.0,114.0,361.0
2011-12-11,38.0,-2.6,0.0,114.0,369.0
2011-12-12,36.0,-4.1,0.0,112.0,368.0
2011-12-13,35.0,0.7,0.0,124.0,361.0
2011-12-14,34.0,0.7,1.8,110.0,360.0
2011-12-15,34.0,-0.3,2.4,111.0,365.0
2011-12-16,32.0,4.6,0.0,114.0,417.0
2011-12-17,31.0,10.1,0.0,120.0,396.0
2011-12-18,31.0,1.5,0.1,124.0,382.0
2011-12-19,31.0,2.1,0.0,117.0,377.0
2011-12-20,30.0,2.2,0.0,115.0,368.0
2011-12-21,29.0,-2.2,0.0,112.0,365.0
2011-12-22,29.0,3.4,0.0,122.0,364.0
2011-12-23,28.0,4.1,0.0,105.0,363.0
2011-12-24,27.0,7.8,0.0,108.0,366.0
2011-12-25,29.0,2.1,10.0,121.0,359.0
2011-12-26,29.0,-1.5,0.8,131.0,416.0
2011-12-27,32.0,1.4,35.8,132.0,412.0
2011-12-28,749.0,5.6,102.4,143.0,387.0
2011-12-29,1080.0,3.9,56.4,119.0,269.0
2011-12-30,1920.0,0.1,47.6,111.0,204.0
2011-12-31,694.0,-2.7,0.3,111.0,391.0
2012-01-01,348.0,4.3,0.1,109.0,373.0
2012-01-02,228.0,5.0,1.0,110.0,334.0
2012-01-03,164.0,4.7,0.0,110.0,306.0
2012-01-04,127.0,7.7,2.7,108.0,293.0
2012-01-05,113.0,-0.5,5.9,107.0,253.0
2012-01-06,96.0,-2.7,2.4,105.0,263.0
2012-01-07,84.0,-0.5,1.0,102.0,316.0
2012-01-08,75.0,5.8,0.0,98.0,305.0
2012-01-09,68.0,6.3,0.0,98.0,296.0
2012-01-10,63.0,-0.6,1.9,102.0,298.0
2012-01-11,58.0,-0.3,0.0,104.0,285.0
2012-01-12,54.0,4.3,0.0,113.0,304.0
2012-01-13,50.0,9.1,0.0,89.0,300.0
2012-01-14,48.0,-0.7,5.5,104.0,299.0
2012-01-15,47.0,-6.4,16.4,109.0,304.0
2012-01-16,44.0,-7.2,8.6,116.0,508.0
2012-01-17,46.0,-4.2,56.7,126.0,618.0
2012-01-18,257.0,-0.8,106.4,189.0,1010.0
2012-01-19,1810.0,1.8,86.5,275.0,1239.0
2012-01-20,1230.0,2.2,22.0,309.0,952.0
2012-01-21,818.0,-1.9,25.3,324.0,871.0
2012-01-22,454.0,-1.7,12.0,326.0,1003.0
2012-01-23,315.0,-1.8,0.0,338.0,1062.0
2012-01-24,679.0,0.9,79.4,335.0,1042.0
2012-01-25,1280.0,2.3,14.8,360.0,1020.0
2012-01-26,916.0,-1.2,17.2,364.0,973.0
2012-01-27,493.0,-0.9,0.0,350.0,936.0
2012-01-28,294.0,5.6,0.0,350.0,929.0
2012-01-29,221.0,4.4,18.6,353.0,930.0
2012-01-30,290.0,0.7,0.7,363.0,909.0
2012-01-31,217.0,2.3,0.0,361.0,909.0
2012-02-01,190.0,-0.8,16.0,358.0,901.0
2012-02-02,158.0,0.4,0.0,360.0,997.0
2012-02-03,130.0,1.3,0.0,368.0,982.0
2012-02-04,107.0,1.6,0.0,367.0,983.0
2012-02-05,91.0,4.1,0.0,368.0,973.0
2012-02-06,80.0,1.6,0.0,374.0,957.0
2012-02-07,71.0,1.7,0.9,381.0,951.0
2012-02-08,74.0,2.9,16.4,375.0,945.0
2012-02-09,89.0,6.4,0.7,381.0,927.0
2012-02-10,97.0,3.9,14.3,381.0,881.0
2012-02-11,114.0,0.3,2.9,373.0,861.0
2012-02-12,100.0,0.1,0.0,371.0,856.0
2012-02-13,87.0,-2.0,1.5,379.0,861.0
2012-02-14,77.0,-3.8,9.7,375.0,874.0
2012-02-15,67.0,-2.9,0.0,382.0,997.0
2012-02-16,61.0,0.2,2.2,386.0,976.0
2012-02-17,63.0,2.2,15.0,401.0,961.0
2012-02-18,80.0,-3.4,28.2,406.0,904.0
2012-02-19,74.0,-3.6,6.3,432.0,1182.0
2012-02-20,106.0,-0.3,21.5,443.0,1196.0
2012-02-21,276.0,1.9,23.1,451.0,1222.0
2012-02-22,525.0,0.7,16.3,448.0,1160.0
2012-02-23,472.0,-2.3,3.2,446.0,1105.0
2012-02-24,333.0,1.9,9.3,450.0,1097.0
2012-02-25,276.0,-5.2,13.9,469.0,1140.0
2012-02-26,224.0,-4.2,2.7,481.0,1401.0
2012-02-27,190.0,-5.2,0.4,494.0,1378.0
2012-02-28,167.0,-4.0,15.8,495.0,1353.0
2012-02-29,153.0,-5.1,34.2,516.0,1509.0
2012-03-01,138.0,-4.3,21.8,560.0,1999.0
2012-03-02,122.0,-2.2,0.6,569.0,2042.0
2012-03-03,122.0,1.5,1.5,578.0,1923.0
2012-03-04,135.0,5.0,0.0,590.0,1779.0
2012-03-05,157.0,-0.7,19.0,597.0,1683.0
2012-03-06,170.0,-6.4,8.9,615.0,1812.0
2012-03-07,149.0,-2.8,0.4,619.0,1905.0
2012-03-08,140.0,8.7,1.2,622.0,1811.0
2012-03-09,155.0,6.1,0.8,626.0,1717.0
2012-03-10,177.0,1.1,4.2,629.0,1658.0
2012-03-11,221.0,-3.0,28.5,636.0,1624.0
2012-03-12,213.0,-1.2,7.3,653.0,1838.0
2012-03-13,216.0,-4.0,17.9,672.0,1806.0
2012-03-14,206.0,-1.0,30.8,680.0,1953.0
2012-03-15,487.0,1.5,34.9,710.0,2060.0
2012-03-16,743.0,0.0,17.6,700.0,1895.0
2012-03-17,501.0,-2.9,11.2,718.0,1907.0
2012-03-18,359.0,-4.8,8.7,727.0,1941.0
2012-03-19,273.0,-4.1,10.8,735.0,2033.0
2012-03-20,354.0,-0.8,66.7,756.0,2102.0
2012-03-21,525.0,-0.8,66.7,816.0,2468.0
2012-03-22,552.0,-2.1,7.0,880.0,2897.0
2012-03-23,388.0,-0.7,1.1,893.0,2735.0
2012-03-24,300.0,1.1,0.0,897.0,2611.0
2012-03-25,264.0,0.3,2.1,899.0,2475.0
2012-03-26,233.0,0.1,0.3,901.0,2411.0
2012-03-27,211.0,1.8,6.3,903.0,2336.0
2012-03-28,209.0,-0.2,2.5,903.0,2276.0
2012-03-29,279.0,2.0,57.2,900.0,2253.0
2012-03-30,1670.0,1.7,70.2,917.0,2185.0
2012-03-31,1130.0,1.0,18.5,916.0,2262.0
2012-04-01,652.0,-2.7,26.2,907.0,2287.0
2012-04-02,469.0,0.9,0.4,935.0,2497.0
2012-04-03,380.0,0.8,7.6,962.0,2374.0
2012-04-04,300.0,-3.2,12.3,967.0,2372.0
2012-04-05,257.0,-3.2,15.2,979.0,2493.0
2012-04-06,219.0,-2.4,4.7,994.0,2603.0
2012-04-07,190.0,0.9,0.0,1005.0,2523.0
2012-04-08,172.0,5.5,0.0,1005.0,2442.0
2012-04-09,167.0,7.4,0.0,998.0,2347.0
2012-04-10,176.0,6.4,0.4,995.0,2280.0
2012-04-11,199.0,1.2,14.7,982.0,2226.0
2012-04-12,215.0,0.5,7.5,980.0,2218.0
2012-04-13,198.0,1.1,2.0,986.0,2218.0
2012-04-14,180.0,2.8,0.0,977.0,2227.0
2012-04-15,169.0,4.5,2.4,954.0,2165.0
2012-04-16,304.0,2.7,32.0,950.0,2104.0
2012-04-17,371.0,1.3,12.5,920.0,2070.0
2012-04-18,379.0,2.2,13.9,927.0,2060.0
2012-04-19,484.0,5.0,34.4,924.0,2033.0
2012-04-20,664.0,7.2,0.0,911.0,1982.0
2012-04-21,522.0,11.8,0.4,875.0,1909.0
2012-04-22,477.0,15.2,0.0,851.0,1819.0
2012-04-23,483.0,13.2,8.7,817.0,1704.0
2012-04-24,453.0,6.3,2.0,776.0,1608.0
2012-04-25,342.0,6.9,19.2,743.0,1561.0
2012-04-26,393.0,0.0,37.1,732.0,1511.0
2012-04-27,356.0,0.5,6.0,716.0,1653.0
2012-04-28,304.0,4.2,0.0,722.0,1611.0
2012-04-29,260.0,7.1,0.4,722.0,1537.0
2012-04-30,314.0,2.9,24.2,708.0,1459.0
2012-05-01,302.0,-0.5,4.7,686.0,1422.0
2012-05-02,242.0,1.1,5.2,684.0,1433.0
2012-05-03,272.0,2.0,23.8,696.0,1427.0
2012-05-04,292.0,-0.6,12.1,661.0,1393.0
2012-05-05,253.0,0.2,0.6,656.0,1431.0
2012-05-06,218.0,6.3,0.0,663.0,1427.0
2012-05-07,193.0,11.3,0.0,650.0,1364.0
2012-05-08,189.0,11.0,0.0,627.0,1284.0
2012-05-09,180.0,3.2,0.4,596.0,1212.0
2012-05-10,158.0,3.2,0.0,567.0,1157.0
2012-05-11,140.0,8.1,0.0,553.0,1114.0
2012-05-12,131.0,13.2,0.5,524.0,1055.0
2012-05-13,136.0,18.1,0.0,490.0,971.0
2012-05-14,145.0,16.7,0.6,448.0,863.0
2012-05-15,144.0,13.1,0.0,392.0,754.0
2012-05-16,133.0,11.7,0.1,345.0,641.0
2012-05-17,115.0,10.3,0.2,315.3333333333333,611.8636363636364
2012-05-18,100.0,8.899999999999997,0.0,285.6666666666667,582.7272727272727
2012-05-19,90.0,7.5,0.0,256.0,553.5909090909091
2012-05-20,84.0,6.1,0.0,226.3333333333333,524.4545454545455
2012-05-21,90.0,4.699999999999998,21.1,196.66666666666663,495.3181818181818
2012-05-22,115.0,3.3,19.5,167.0,466.1818181818182
2012-05-23,109.0,1.7,8.4,141.0,437.0454545454545
2012-05-24,132.0,0.8,24.8,129.0,1699.3092697299105
2012-05-25,138.0,3.6,3.0,132.0,1681.0
2012-05-26,122.0,5.7,0.0,117.0,1672.0
2012-05-27,107.0,7.1,1.1,85.0,988.4914831550785
2012-05-28,97.0,5.5,1.0,27.0,1727.3110527557321
2012-05-29,87.0,7.6,0.0,1.0,1680.5172799536276
2012-05-30,80.0,11.6,0.0,0.0,1732.0
2012-05-31,76.0,14.3,0.0,0.0,203.95454545454544
2012-06-01,73.0,14.5,6.5,0.0,174.8181818181818
2012-06-02,78.0,8.6,10.0,0.0,145.68181818181813
2012-06-03,70.0,6.9,6.7,0.0,116.5454545454545
2012-06-04,88.0,6.2,29.7,0.0,87.40909090909088
2012-06-05,122.0,1.0,12.1,0.0,58.27272727272725
2012-06-06,114.0,5.0,1.1,0.0,29.136363636363626
2012-06-07,122.0,5.5,23.4,0.0,0.0
2012-06-08,154.0,1.0,18.9,0.0,0.0
2012-06-09,185.0,2.2,6.9,0.0,0.0
2012-06-10,163.0,7.8,0.5,0.0,0.0
2012-06-11,134.0,12.0,0.0,0.0,0.0
2012-06-12,115.0,9.9,5.8,0.0,0.0
2012-06-13,103.0,8.8,6.9,0.0,0.0
2012-06-14,91.0,9.7,0.0,0.0,0.0
2012-06-15,82.0,13.1,0.1,0.0,0.0
2012-06-16,76.0,16.5,0.0,0.0,0.0
2012-06-17,70.0,12.8,0.0,0.0,0.0
2012-06-18,68.0,4.5,17.8,0.0,0.0
2012-06-19,64.0,4.7,0.2,0.0,0.0
2012-06-20,59.0,12.7,0.0,0.0,0.0
2012-06-21,56.0,14.8,0.0,0.0,0.0
2012-06-22,55.0,7.5,12.8,0.0,0.0
2012-06-23,68.0,4.9,27.6,0.0,0.0
2012-06-24,67.0,6.4,3.9,0.0,0.0
2012-06-25,61.0,5.8,8.0,0.0,0.0
2012-06-26,74.0,4.9,13.0,0.0,0.0
2012-06-27,71.0,11.6,0.0,0.0,0.0
2012-06-28,65.0,12.7,0.0,0.0,0.0
2012-06-29,60.0,13.1,0.0,0.0,0.0
2012-06-30,57.0,12.5,10.8,0.0,0.0
2012-07-01,56.0,12.0,1.3,0.0,0.0
2012-07-02,52.0,12.2,0.0,0.0,0.0
2012-07-03,50.0,7.4,5.3,0.0,0.0
2012-07-04,48.0,10.6,0.2,0.0,0.0
2012-07-05,46.0,14.2,0.2,0.0,0.0
2012-07-06,44.0,16.4,0.0,0.0,0.0
2012-07-07,42.0,19.3,0.2,0.0,0.0
2012-07-08,40.0,20.5,0.0,0.0,0.0
2012-07-09,39.0,18.2,0.0,0.0,0.0
2012-07-10,37.0,17.6,0.0,0.0,0.0
2012-07-11,36.0,18.7,0.0,0.0,0.0
2012-07-12,35.0,16.9,0.0,0.0,0.0
2012-07-13,33.0,16.0,0.0,0.0,0.0
2012-07-14,32.0,15.0,0.0,0.0,0.0
2012-07-15,32.0,12.3,0.0,0.0,0.0
2012-07-16,31.0,10.6,0.0,0.0,0.0
2012-07-17,31.0,13.6,0.0,0.0,0.0
2012-07-18,31.0,11.5,1.7,0.0,0.0
2012-07-19,30.0,16.0,0.5,0.0,0.0
2012-07-20,29.0,11.8,6.6,0.0,0.0
2012-07-21,28.0,14.4,0.2,0.0,0.0
2012-07-22,27.0,11.3,0.0,0.0,0.0
2012-07-23,27.0,11.7,0.0,0.0,0.0
2012-07-24,26.0,16.2,0.1,0.0,0.0
2012-07-25,25.0,17.7,0.0,0.0,0.0
2012-07-26,25.0,18.2,0.0,0.0,0.0
2012-07-27,24.0,14.0,0.0,0.0,0.0
2012-07-28,24.0,13.7,0.0,0.0,0.0
2012-07-29,23.0,13.7,0.0,0.0,0.0
2012-07-30,23.0,13.6,0.0,0.0,0.0
2012-07-31,22.0,14.4,0.1,0.0,0.0
2012-08-01,22.0,14.9,0.0,0.0,0.0
2012-08-02,21.0,14.7,0.0,0.0,0.0
2012-08-03,21.0,18.1,0.0,0.0,0.0
2012-08-04,20.0,22.6,0.0,0.0,0.0
2012-08-05,20.0,20.2,1.6,0.0,0.0
2012-08-06,20.0,20.9,0.0,0.0,0.0
2012-08-07,19.0,18.0,0.0,0.0,0.0
2012-08-08,19.0,15.5,0.0,0.0,0.0
2012-08-09,19.0,15.5,0.0,0.0,0.0
2012-08-10,18.0,15.2,0.0,0.0,0.0
2012-08-11,18.0,20.7,0.0,0.0,0.0
2012-08-12,18.0,23.1,0.0,0.0,0.0
2012-08-13,17.0,21.5,0.0,0.0,0.0
2012-08-14,17.0,20.8,0.7,0.0,0.0
2012-08-15,17.0,22.4,0.0,0.0,0.0
2012-08-16,16.0,21.9,0.0,0.0,0.0
2012-08-17,16.0,23.9,0.0,0.0,0.0
2012-08-18,16.0,19.3,0.2,0.0,0.0
2012-08-19,16.0,17.3,0.0,0.0,0.0
2012-08-20,15.0,17.7,0.0,0.0,0.0
2012-08-21,15.0,14.8,0.1,0.0,0.0
2012-08-22,15.0,13.8,0.0,0.0,0.0
2012-08-23,15.0,11.1,0.0,0.0,0.0
2012-08-24,15.0,13.6,0.0,0.0,0.0
2012-08-25,14.0,16.4,0.0,0.0,0.0
2012-08-26,14.0,13.5,0.0,0.0,0.0
2012-08-27,14.0,12.8,0.0,0.0,0.0
2012-08-28,14.0,10.9,0.0,0.0,0.0
2012-08-29,14.0,10.4,0.0,0.0,0.0
2012-08-30,14.0,14.4,0.0,0.0,0.0
2012-08-31,14.0,12.6,0.0,0.0,0.0
2012-09-01,13.0,11.5,0.0,0.0,0.0
2012-09-02,13.0,13.3,0.0,0.0,0.0
2012-09-03,13.0,15.2,0.0,0.0,0.0
2012-09-04,13.0,16.9,0.0,0.0,0.0
2012-09-05,13.0,18.2,0.0,0.0,0.0
2012-09-06,13.0,18.2,0.0,0.0,0.0
2012-09-07,12.0,20.3,0.0,0.0,0.0
2012-09-08,12.0,18.6,0.0,0.0,0.0
2012-09-09,12.0,9.7,0.0,0.0,0.0
2012-09-10,12.0,7.7,1.2,0.0,0.0
2012-09-11,12.0,10.6,0.0,0.0,0.0
2012-09-12,12.0,15.0,0.0,0.0,0.0
2012-09-13,12.0,20.8,0.2,0.0,0.0
2012-09-14,11.0,20.8,0.0,0.0,0.0
2012-09-15,11.0,17.4,0.0,0.0,0.0
2012-09-16,11.0,16.5,0.0,0.0,0.0
2012-09-17,11.0,20.1,0.0,0.0,0.0
2012-09-18,11.0,20.4,0.0,0.0,0.0
2012-09-19,11.0,19.9,0.0,0.0,0.0
2012-09-20,11.0,19.6,0.0,0.0,0.0
2012-09-21,11.0,11.5,0.0,0.0,0.0
2012-09-22,11.0,10.0,1.3,0.0,0.0
2012-09-23,11.0,10.2,0.0,0.0,0.0
2012-09-24,11.0,12.0,0.0,0.0,0.0
2012-09-25,11.0,11.8,0.0,0.0,0.0
2012-09-26,11.0,14.5,0.0,0.0,0.0
2012-09-27,11.0,18.5,0.0,0.0,0.0
2012-09-28,11.0,17.1,0.0,0.0,0.0
2012-09-29,11.0,14.9,0.0,0.0,0.0
2012-09-30,11.0,15.0,0.0,0.0,0.0
2012-10-01,11.0,18.8,0.0,0.0,0.0
2012-10-02,11.0,13.6,0.0,0.0,0.0
2012-10-03,10.0,8.0,0.0,0.0,0.0
2012-10-04,10.0,8.9,0.0,0.0,0.0
2012-10-05,10.0,8.3,0.0,0.0,0.0
2012-10-06,10.0,9.8,0.0,0.0,0.0
2012-10-07,10.0,13.3,0.0,0.0,0.0
2012-10-08,10.0,11.5,0.0,0.0,0.0
2012-10-09,10.0,11.1,0.0,0.0,0.0
2012-10-10,10.0,12.9,0.0,0.0,0.0
2012-10-11,10.0,12.9,0.0,0.0,0.0
2012-10-12,11.0,7.9,16.3,0.0,0.0
2012-10-13,16.0,8.5,6.7,0.0,0.0
2012-10-14,13.0,9.9,8.9,0.0,0.0
2012-10-15,41.0,10.6,89.3,0.0,0.0
2012-10-16,89.0,4.9,12.2,0.0,0.0
2012-10-17,29.0,6.3,0.0,0.0,0.0
2012-10-18,21.0,13.6,0.0,0.0,0.0
2012-10-19,20.0,7.6,21.9,0.0,0.0
2012-10-20,34.0,1.0,12.5,1.0,0.0
2012-10-21,31.0,-0.1,12.7,1.0,0.0
2012-10-22,44.0,-0.5,21.4,11.0,0.0
2012-10-23,44.0,-1.0,9.6,30.0,0.0
2012-10-24,42.0,-0.5,10.3,40.0,0.0
2012-10-25,39.0,1.0,0.5,49.0,0.0
2012-10-26,33.0,2.6,1.9,47.0,0.0
2012-10-27,62.0,4.7,41.5,45.0,0.0
2012-10-28,284.0,8.9,44.3,35.0,0.0
2012-10-29,393.0,9.0,27.3,1.0,0.0
2012-10-30,202.0,8.6,0.0,1.0,0.0
2012-10-31,118.0,6.6,9.8,1.0,0.0
2012-11-01,111.0,4.3,19.4,2.0,0.0
2012-11-02,105.0,5.9,7.7,1.0,0.0
2012-11-03,93.0,7.9,5.3,1.0,0.0
2012-11-04,78.0,10.1,0.0,1.0,0.0
2012-11-05,67.0,13.1,0.0,0.0,0.0
2012-11-06,59.0,13.3,2.1,0.0,0.0
2012-11-07,54.0,1.7,4.7,1.0,0.0
2012-11-08,50.0,-0.8,10.9,0.0,1.0
2012-11-09,49.0,-2.6,11.7,10.0,35.0
2012-11-10,47.0,-3.2,1.9,20.0,224.0
2012-11-11,44.0,-1.1,3.1,20.0,103.0
2012-11-12,126.0,1.4,26.4,22.0,181.0
2012-11-13,161.0,3.1,0.7,22.0,135.0
2012-11-14,119.0,3.0,0.0,15.0,74.0
2012-11-15,94.0,5.0,0.0,17.0,69.0
2012-11-16,80.0,5.4,0.0,13.0,60.0
2012-11-17,84.0,2.2,22.1,9.0,24.0
2012-11-18,88.0,0.3,8.9,14.0,110.0
2012-11-19,125.0,4.9,50.9,19.0,101.0
2012-11-20,1060.0,1.3,59.2,4.0,0.0
2012-11-21,833.0,-1.2,32.6,23.0,37.0
2012-11-22,473.0,0.2,0.0,44.0,239.0
2012-11-23,321.0,4.2,14.1,45.0,195.0
2012-11-24,424.0,3.1,29.6,50.0,169.0
2012-11-25,387.0,-0.2,0.0,37.0,123.0
2012-11-26,287.0,4.3,0.0,57.0,123.0
2012-11-27,220.0,7.9,0.0,40.0,118.0
2012-11-28,178.0,7.0,0.0,40.0,99.0
2012-11-29,180.0,3.8,30.9,28.0,65.0
2012-11-30,292.0,3.5,17.8,22.0,51.0
2012-12-01,345.0,1.3,34.5,12.0,30.0
2012-12-02,686.0,-0.2,42.9,15.0,25.0
2012-12-03,523.0,0.8,17.0,48.0,212.0
2012-12-04,1670.0,5.6,120.5,55.0,197.0
2012-12-05,1510.0,-0.1,11.1,28.0,52.0
2012-12-06,623.0,-1.7,5.3,26.0,72.0
2012-12-07,397.0,-0.8,16.2,31.0,112.0
2012-12-08,293.0,-2.2,9.0,49.0,141.0
2012-12-09,225.0,-0.6,4.9,58.0,217.0
2012-12-10,199.0,1.8,1.3,64.0,214.0
2012-12-11,177.0,-0.2,13.7,64.0,183.0
2012-12-12,165.0,-2.7,9.4,81.0,313.0
2012-12-13,145.0,-3.0,0.0,88.0,384.0
2012-12-14,129.0,-3.5,5.6,90.0,364.0
2012-12-15,116.0,-3.7,26.4,92.0,416.0
2012-12-16,120.0,-1.3,40.2,116.0,635.0
2012-12-17,338.0,-3.6,29.3,156.0,718.0
2012-12-18,246.0,-5.6,28.2,179.0,939.0
2012-12-19,183.0,-2.8,11.7,208.0,1172.0
2012-12-20,158.0,-1.8,32.7,222.0,1151.0
2012-12-21,139.0,-1.1,11.5,257.0,1371.0
2012-12-22,138.0,-1.8,10.5,277.0,1437.0
2012-12-23,142.0,-2.6,29.5,297.0,1503.0
2012-12-24,137.0,-3.0,10.9,317.0,1569.0
2012-12-25,130.0,-0.9,24.6,337.0,1635.0
2012-12-26,135.0,-1.4,19.3,357.0,1701.0
2012-12-27,150.0,-3.2,6.6,377.0,1767.0
2012-12-28,128.0,-3.6,0.0,390.0,1726.0
2012-12-29,109.0,-3.3,0.6,393.0,1665.0
2012-12-30,95.0,-3.9,0.0,396.0,1624.0
2012-12-31,84.0,-3.9,0.3,398.0,1593.0
2013-01-01,76.0,-2.3,0.0,399.0,1568.0
2013-01-02,71.0,-0.5,0.0,403.0,1541.0
2013-01-03,66.0,1.1,0.7,404.0,1504.0
2013-01-04,65.0,2.0,1.1,404.0,1493.0
2013-01-05,66.0,1.4,0.9,399.0,1454.0
2013-01-06,66.0,0.1,0.6,402.0,1431.0
2013-01-07,116.0,1.1,24.6,407.0,1413.0
2013-01-08,236.0,1.8,17.4,366.0,1380.0
2013-01-09,281.0,-1.7,20.2,375.0,1325.0
2013-01-10,235.0,-4.8,11.3,402.0,1484.0
2013-01-11,183.0,-6.8,0.8,423.0,1563.0
2013-01-12,147.0,-8.3,0.0,432.0,1501.0
2013-01-13,125.0,-7.4,0.0,438.0,1480.0
2013-01-14,109.0,-4.5,0.1,443.0,1466.0
2013-01-15,97.0,2.5,0.0,449.0,1417.0
2013-01-16,90.0,8.8,0.0,453.0,1421.0
2013-01-17,87.0,10.3,0.0,456.0,1380.0
2013-01-18,95.0,11.0,0.0,455.0,1365.0
2013-01-19,112.0,10.6,0.0,454.0,1331.0
2013-01-20,129.0,9.0,0.0,457.0,1314.0
2013-01-21,134.0,9.9,0.0,462.0,1305.0
2013-01-22,132.0,8.9,0.0,467.0,1308.0
2013-01-23,138.0,3.9,8.6,473.0,1303.0
2013-01-24,149.0,2.2,2.8,464.0,1291.0
2013-01-25,244.0,2.4,29.8,470.0,1264.0
2013-01-26,329.0,-2.1,12.0,491.0,1218.0
2013-01-27,255.0,-3.2,22.4,494.0,1341.0
2013-01-28,214.0,-3.0,39.6,517.0,1531.0
2013-01-29,222.0,-1.2,43.9,564.0,1903.0
2013-01-30,221.0,-0.2,12.2,599.0,1959.0
2013-01-31,213.0,0.7,0.0,607.0,1772.0
2013-02-01,186.0,2.1,0.0,615.0,1695.0
2013-02-02,167.0,5.3,0.0,622.0,1662.0
2013-02-03,158.0,4.2,0.0,626.0,1642.0
2013-02-04,149.0,4.5,0.0,632.0,1623.0
2013-02-05,151.0,-0.2,14.9,636.0,1595.0
2013-02-06,168.0,-0.4,7.8,650.0,1627.0
2013-02-07,164.0,-2.6,7.7,668.0,1631.0
2013-02-08,146.0,-3.8,0.0,673.0,1730.0
2013-02-09,128.0,-3.1,0.0,668.0,1716.0
2013-02-10,114.0,-0.9,0.0,676.0,1706.0
2013-02-11,103.0,-1.7,2.3,683.0,1708.0
2013-02-12,96.0,0.3,5.9,686.0,1721.0
2013-02-13,93.0,0.8,3.9,664.0,1679.0
2013-02-14,91.0,2.2,0.4,662.0,1659.0
2013-02-15,92.0,6.0,0.0,666.0,1610.0
2013-02-16,99.0,0.8,3.5,668.0,1589.0
2013-02-17,97.0,-2.3,1.3,676.0,1565.0
2013-02-18,92.0,-2.6,0.0,688.0,1605.0
2013-02-19,86.0,-1.8,2.5,696.0,1606.0
2013-02-20,81.0,-2.7,9.7,687.0,1584.0
2013-02-21,79.0,-3.2,16.7,700.0,1797.0
2013-02-22,84.0,-2.2,32.7,720.0,1861.0
2013-02-23,93.0,-3.9,20.0,759.0,2081.0
2013-02-24,86.0,-2.1,0.5,781.0,2276.0
2013-02-25,94.0,-2.7,25.7,797.0,2171.0
2013-02-26,95.0,-2.4,0.5,820.0,2359.0
2013-02-27,87.0,-0.8,1.9,830.0,2290.0
2013-02-28,170.0,2.2,33.9,836.0,2241.0
2013-03-01,285.0,4.8,1.2,751.0,2114.0
2013-03-02,257.0,4.1,2.5,771.0,2041.0
2013-03-03,233.0,-1.3,1.0,782.0,1995.0
2013-03-04,191.0,1.3,0.0,789.0,1969.0
2013-03-05,161.0,1.7,1.9,798.0,1953.0
2013-03-06,154.0,-1.1,19.2,813.0,1945.0
2013-03-07,142.0,-0.8,0.6,816.0,2113.0
2013-03-08,128.0,-0.1,0.0,829.0,2054.0
2013-03-09,113.0,1.8,0.0,825.0,2046.0
2013-03-10,103.0,3.5,0.3,827.0,2026.0
2013-03-11,102.0,3.4,3.4,839.0,1954.0
2013-03-12,110.0,4.9,1.0,808.0,1927.0
2013-03-13,123.0,7.1,0.0,805.0,1881.0
2013-03-14,142.0,6.8,1.0,798.0,1829.0
2013-03-15,158.0,4.7,2.2,784.0,1788.0
2013-03-16,163.0,0.2,13.8,765.0,1731.0
2013-03-17,157.0,-3.6,1.4,787.0,1818.0
2013-03-18,131.0,-0.6,0.5,795.0,1832.0
2013-03-19,116.0,3.8,11.4,803.0,1762.0
2013-03-20,213.0,0.2,31.1,806.0,1729.0
2013-03-21,226.0,-3.9,14.2,766.0,1802.0
2013-03-22,184.0,-4.5,6.6,804.0,1959.0
2013-03-23,154.0,-2.9,0.0,825.0,2013.0
2013-03-24,132.0,0.4,0.1,837.0,1952.0
2013-03-25,119.0,3.9,0.2,843.0,1879.0
2013-03-26,112.0,1.9,2.5,842.0,1814.0
2013-03-27,109.0,3.3,4.7,824.0,1779.0
2013-03-28,114.0,4.6,9.8,798.0,1745.0
2013-03-29,128.0,6.4,0.9,767.0,1705.0
2013-03-30,138.0,10.1,0.0,760.0,1661.0
2013-03-31,160.0,8.3,0.0,750.0,1579.0
2013-04-01,168.0,4.9,9.9,726.0,1515.0
2013-04-02,161.0,5.0,0.0,708.0,1485.0
2013-04-03,144.0,7.7,0.0,699.0,1453.0
2013-04-04,155.0,6.0,25.0,702.0,1409.0
2013-04-05,244.0,3.1,19.5,687.0,1365.0
2013-04-06,318.0,1.5,30.0,672.0,1343.0
2013-04-07,452.0,-0.5,36.5,678.0,1332.0
2013-04-08,375.0,-1.0,7.0,676.0,1556.0
2013-04-09,286.0,1.6,0.0,672.0,1537.0
2013-04-10,241.0,2.8,7.6,678.0,1471.0
2013-04-11,213.0,1.5,0.0,683.0,1417.0
2013-04-12,179.0,2.9,5.4,681.0,1379.0
2013-04-13,165.0,-1.9,10.2,684.0,1358.0
2013-04-14,143.0,-2.2,6.0,677.0,1405.0
2013-04-15,126.0,-1.7,6.5,690.0,1439.0
2013-04-16,116.0,-0.9,16.5,680.0,1453.0
2013-04-17,106.0,-0.2,0.0,691.0,1533.0
2013-04-18,98.0,2.9,0.0,697.0,1498.0
2013-04-19,125.0,2.8,23.1,705.0,1455.0
2013-04-20,164.0,2.9,2.2,691.0,1418.0
2013-04-21,152.0,2.9,3.0,677.0,1380.0
2013-04-22,138.0,3.1,0.0,668.0,1364.0
2013-04-23,124.0,6.2,0.0,648.0,1313.0
2013-04-24,113.0,8.7,0.0,627.0,1253.0
2013-04-25,108.0,10.5,0.0,600.0,1187.0
2013-04-26,109.0,11.9,0.0,566.0,1114.0
2013-04-27,111.0,10.3,0.0,534.0,1039.0
2013-04-28,106.0,5.7,0.4,508.0,980.0
2013-04-29,105.0,2.4,12.4,491.0,940.0
2013-04-30,95.0,-0.1,0.7,465.0,903.0
2013-05-01,83.0,5.8,0.6,448.0,859.0
2013-05-02,77.0,11.9,0.0,419.0,802.0
2013-05-03,78.0,13.3,0.0,393.0,723.0
2013-05-04,80.0,12.1,0.1,358.0,653.0
2013-05-05,82.0,13.1,0.0,314.0,544.0
2013-05-06,81.0,13.3,0.0,257.0,453.0
2013-05-07,77.0,11.4,0.0,200.0,357.0
2013-05-08,72.0,12.1,0.0,147.0,270.0
2013-05-09,69.0,14.4,0.0,92.0,163.0
2013-05-10,66.0,16.9,0.0,24.0,40.0
2013-05-11,63.0,17.7,0.0,2.0,0.0
2013-05-12,59.0,14.0,0.0,0.0,0.0
2013-05-13,54.0,7.6,1.8,0.0,0.0
2013-05-14,49.0,7.3,0.4,0.0,0.0
2013-05-15,45.0,6.2,0.0,0.0,0.0
2013-05-16,43.0,5.5,9.2,0.0,0.0
2013-05-17,43.0,4.2,4.5,0.0,0.0
2013-05-18,41.0,4.3,8.7,0.0,0.0
2013-05-19,41.0,5.7,5.9,0.0,0.0
2013-05-20,38.0,10.3,0.0,0.0,0.0
2013-05-21,42.0,0.9,26.2,0.0,0.0
2013-05-22,55.0,-1.2,31.0,13.0,156.5
2013-05-23,59.0,1.0,6.5,43.0,313.0
2013-05-24,78.0,2.1,8.9,46.0,235.0
2013-05-25,72.0,6.3,2.0,38.0,165.0
2013-05-26,96.0,5.0,22.2,14.0,44.0
2013-05-27,164.0,5.6,30.2,0.0,2.0
2013-05-28,209.0,6.1,6.7,0.0,0.0
2013-05-29,197.0,4.5,22.5,0.0,0.0
2013-05-30,183.0,3.5,2.8,0.0,0.0
2013-05-31,144.0,8.5,0.0,0.0,0.0
2013-06-01,116.0,11.6,0.0,0.0,0.0
2013-06-02,98.0,10.1,0.0,0.0,0.0
2013-06-03,84.0,12.2,0.0,0.0,0.0
2013-06-04,74.0,16.3,0.0,0.0,0.0
2013-06-05,66.0,17.5,0.6,0.0,0.0
2013-06-06,60.0,17.1,0.0,0.0,0.0
2013-06-07,55.0,15.5,0.0,0.0,0.0
2013-06-08,51.0,16.3,0.0,0.0,0.0
2013-06-09,48.0,14.0,0.0,0.0,0.0
2013-06-10,45.0,10.3,0.0,0.0,0.0
2013-06-11,43.0,5.4,0.0,0.0,0.0
2013-06-12,41.0,5.8,0.0,0.0,0.0
2013-06-13,40.0,4.0,8.6,0.0,0.0
2013-06-14,39.0,9.4,0.6,0.0,0.0
2013-06-15,37.0,14.1,0.1,0.0,0.0
2013-06-16,35.0,12.7,0.0,0.0,0.0
2013-06-17,34.0,11.9,0.9,0.0,0.0
2013-06-18,33.0,6.9,9.2,0.0,0.0
2013-06-19,37.0,4.6,20.1,0.0,0.0
2013-06-20,37.0,5.2,4.7,0.0,0.0
2013-06-21,35.0,7.4,0.1,0.0,0.0
2013-06-22,32.0,12.1,0.0,0.0,0.0
2013-06-23,33.0,11.0,17.7,0.0,0.0
2013-06-24,37.0,7.8,6.9,0.0,0.0
2013-06-25,45.0,9.7,19.1,0.0,0.0
2013-06-26,46.0,10.0,9.5,0.0,0.0
2013-06-27,43.0,15.5,0.4,0.0,0.0
2013-06-28,38.0,19.8,0.2,0.0,0.0
2013-06-29,35.0,18.4,0.2,0.0,0.0
2013-06-30,32.0,22.1,0.1,0.0,0.0
2013-07-01,31.0,21.0,0.0,0.0,0.0
2013-07-02,29.0,21.7,0.0,0.0,0.0
2013-07-03,28.0,19.0,0.0,0.0,0.0
2013-07-04,27.0,14.6,0.3,0.0,0.0
2013-07-05,26.0,12.2,0.6,0.0,0.0
2013-07-06,25.0,13.8,0.1,0.0,0.0
2013-07-07,24.0,14.9,0.0,0.0,0.0
2013-07-08,23.0,16.4,1.1,0.0,0.0
2013-07-09,23.0,19.7,0.0,0.0,0.0
2013-07-10,22.0,18.0,0.0,0.0,0.0
2013-07-11,21.0,14.1,0.8,0.0,0.0
2013-07-12,21.0,11.7,0.0,0.0,0.0
2013-07-13,20.0,14.6,0.0,0.0,0.0
2013-07-14,20.0,18.5,0.2,0.0,0.0
2013-07-15,19.0,19.4,0.0,0.0,0.0
2013-07-16,19.0,18.4,0.0,0.0,0.0
2013-07-17,18.0,16.8,0.9,0.0,0.0
2013-07-18,18.0,17.75,0.6,0.0,0.0
2013-07-19,17.0,18.7,0.3,0.0,0.0
2013-07-20,17.0,18.6,1.4,0.0,0.0
2013-07-21,17.0,18.9,0.6,0.0,0.0
2013-07-22,16.0,19.5,1.1,0.0,0.0
2013-07-23,16.0,20.9,1.1,0.0,0.0
2013-07-24,15.0,20.8,0.0,0.0,0.0
2013-07-25,15.0,21.7,1.2,0.0,0.0
2013-07-26,15.0,20.9,1.0,0.0,0.0
2013-07-27,14.0,16.1,0.5,0.0,0.0
2013-07-28,14.0,13.7,0.0,0.0,0.0
2013-07-29,14.0,14.7,0.0,0.0,0.0
2013-07-30,14.0,15.9,0.0,0.0,0.0
2013-07-31,14.0,15.5,0.0,0.0,0.0
2013-08-01,14.0,9.6,0.9,0.0,0.0
2013-08-02,14.0,11.4,0.8,0.0,0.0
2013-08-03,13.0,16.0,0.2,0.0,0.0
2013-08-04,13.0,18.8,0.2,0.0,0.0
2013-08-05,13.0,18.7,0.0,0.0,0.0
2013-08-06,13.0,19.6,0.0,0.0,0.0
2013-08-07,12.0,17.5,0.0,0.0,0.0
2013-08-08,12.0,16.6,0.0,0.0,0.0
2013-08-09,16.0,14.5,12.2,0.0,0.0
2013-08-10,17.0,12.5,3.3,0.0,0.0
2013-08-11,14.0,13.5,0.6,0.0,0.0
2013-08-12,13.0,14.7,0.3,0.0,0.0
2013-08-13,12.0,17.0,0.1,0.0,0.0
2013-08-14,12.0,17.4,0.0,0.0,0.0
2013-08-15,12.0,17.2,0.0,0.0,0.0
2013-08-16,12.0,17.1,0.0,0.0,0.0
2013-08-17,11.0,16.1,0.0,0.0,0.0
2013-08-18,11.0,17.1,0.0,0.0,0.0
2013-08-19,11.0,17.5,0.0,0.0,0.0
2013-08-20,11.0,17.3,0.0,0.0,0.0
2013-08-21,11.0,19.7,0.1,0.0,0.0
2013-08-22,11.0,17.0,4.6,0.0,0.0
2013-08-23,11.0,14.2,0.4,0.0,0.0
2013-08-24,11.0,12.9,0.1,0.0,0.0
2013-08-25,13.0,11.4,20.8,0.0,0.0
2013-08-26,16.0,11.9,0.9,0.0,0.0
2013-08-27,12.0,15.2,0.1,0.0,0.0
2013-08-28,11.0,16.0,0.2,0.0,0.0
2013-08-29,11.0,15.2,2.2,0.0,0.0
2013-08-30,11.0,14.9,0.1,0.0,0.0
2013-08-31,11.0,18.5,0.3,0.0,0.0
2013-09-01,10.0,16.0,0.0,0.0,0.0
2013-09-02,10.0,13.7,0.0,0.0,0.0
2013-09-03,9.9,13.6,0.1,0.0,0.0
2013-09-04,9.8,11.8,0.0,0.0,0.0
2013-09-05,11.0,9.9,11.4,0.0,0.0
2013-09-06,20.0,9.2,18.2,0.0,0.0
2013-09-07,13.0,15.0,0.7,0.0,0.0
2013-09-08,11.0,16.7,0.2,0.0,0.0
2013-09-09,11.0,18.3,0.1,0.0,0.0
2013-09-10,10.0,20.6,0.0,0.0,0.0
2013-09-11,9.9,22.1,0.0,0.0,0.0
2013-09-12,9.8,20.6,0.5,0.0,0.0
2013-09-13,9.6,18.9,0.7,0.0,0.0
2013-09-14,9.5,20.4,0.1,0.0,0.0
2013-09-15,9.5,13.4,0.6,0.0,0.0
2013-09-16,9.5,9.3,1.4,0.0,0.0
2013-09-17,9.6,7.5,9.8,0.0,0.0
2013-09-18,10.0,7.6,2.1,0.0,0.0
2013-09-19,9.6,14.1,0.3,0.0,0.0
2013-09-20,9.6,11.5,4.4,0.0,0.0
2013-09-21,11.0,7.5,6.6,0.0,0.0
2013-09-22,14.0,6.1,29.3,0.0,0.0
2013-09-23,21.0,6.4,6.7,0.0,0.0
2013-09-24,29.0,4.4,33.3,0.0,0.0
2013-09-25,39.0,2.3,15.7,0.0,0.0
2013-09-26,23.0,3.8,3.6,0.0,0.0
2013-09-27,19.0,4.8,27.7,0.0,0.0
2013-09-28,92.0,7.9,57.1,0.0,0.0
2013-09-29,299.0,5.1,104.2,0.0,0.0
2013-09-30,478.0,3.1,23.3,0.0,0.0
2013-10-01,297.0,2.4,14.5,0.0,0.0
2013-10-02,202.0,0.9,6.8,0.0,0.0
2013-10-03,139.0,1.9,6.9,0.0,0.0
2013-10-04,101.0,6.2,0.4,0.0,0.0
2013-10-05,78.0,13.2,0.0,0.0,0.0
2013-10-06,65.0,13.3,0.0,0.0,0.0
2013-10-07,60.0,4.3,11.5,0.0,0.0
2013-10-08,59.0,2.1,15.6,0.0,0.0
2013-10-09,64.0,2.1,1.5,0.0,0.0
2013-10-10,54.0,3.8,0.4,0.0,0.0
2013-10-11,48.0,4.2,0.0,0.0,0.0
2013-10-12,45.0,2.5,0.9,0.0,0.0
2013-10-13,41.0,4.4,0.4,0.0,0.0
2013-10-14,38.0,6.0,0.2,0.0,0.0
2013-10-15,35.0,8.0,0.0,0.0,0.0
2013-10-16,33.0,10.0,0.0,0.0,0.0
2013-10-17,31.0,9.8,0.0,0.0,0.0
2013-10-18,30.0,12.0,0.0,0.0,0.0
2013-10-19,28.0,13.9,0.0,0.0,0.0
2013-10-20,27.0,13.8,0.0,0.0,0.0
2013-10-21,26.0,14.4,0.0,0.0,0.0
2013-10-22,25.0,15.0,0.0,0.0,0.0
2013-10-23,24.0,14.7,0.0,0.0,0.0
2013-10-24,23.0,14.4,0.0,0.0,0.0
2013-10-25,22.0,13.1,0.0,0.0,0.0
2013-10-26,21.0,12.2,0.0,0.0,0.0
2013-10-27,23.0,2.7,13.4,0.0,0.0
2013-10-28,23.0,0.2,0.2,0.0,0.0
2013-10-29,21.0,2.2,0.4,0.0,0.0
2013-10-30,20.0,3.8,0.0,0.0,0.0
2013-10-31,20.0,5.5,7.0,0.0,0.0
2013-11-01,20.0,7.1,0.6,0.0,0.0
2013-11-02,38.0,1.9,31.4,0.0,0.0
2013-11-03,39.0,-1.0,12.6,6.0,7.0
2013-11-04,34.0,-0.4,10.2,18.0,105.0
2013-11-05,64.0,2.6,25.9,28.0,129.0
2013-11-06,85.0,6.4,5.0,23.0,68.0
2013-11-07,117.0,3.5,17.1,7.0,12.0
2013-11-08,123.0,0.8,4.2,1.0,0.0
2013-11-09,93.0,5.6,0.5,0.0,0.0
2013-11-10,74.0,10.2,0.0,0.0,0.0
2013-11-11,62.0,11.7,0.0,0.0,0.0
2013-11-12,54.0,7.7,3.8,0.0,0.0
2013-11-13,49.0,5.1,0.6,1.0,0.0
2013-11-14,45.0,1.0,0.7,0.0,0.0
2013-11-15,43.0,-1.0,12.4,1.0,0.0
2013-11-16,64.0,-0.7,24.5,13.0,60.0
2013-11-17,79.0,-0.1,8.3,39.0,166.0
2013-11-18,87.0,1.5,16.6,48.0,186.0
2013-11-19,340.0,3.1,38.4,56.0,129.0
2013-11-20,353.0,-2.5,0.4,39.0,66.0
2013-11-21,219.0,-1.8,0.2,10.0,100.0
2013-11-22,158.0,2.6,0.2,0.0,100.0
2013-11-23,124.0,5.4,0.0,0.0,101.0
2013-11-24,102.0,8.7,0.0,0.0,92.0
2013-11-25,86.0,8.4,0.0,0.0,87.0
2013-11-26,76.0,6.9,0.0,3.0,85.0
2013-11-27,68.0,8.3,0.0,8.0,89.0
2013-11-28,62.0,8.4,0.0,14.0,79.0
2013-11-29,56.0,6.3,0.0,16.0,72.0
2013-11-30,52.0,4.9,0.0,17.0,72.0
2013-12-01,71.0,5.0,30.2,16.0,63.0
2013-12-02,351.0,-1.1,34.6,3.0,0.0
2013-12-03,232.0,-7.1,1.3,5.0,42.0
2013-12-04,161.0,-10.1,0.2,7.0,75.0
2013-12-05,127.0,-8.8,1.5,0.0,63.0
2013-12-06,107.0,-10.8,1.5,0.0,48.0
2013-12-07,92.0,-14.5,0.2,0.0,80.0
2013-12-08,82.0,-9.9,0.0,0.0,144.0
2013-12-09,74.0,-4.3,0.4,0.0,140.0
2013-12-10,70.0,-1.5,0.0,0.0,130.0
2013-12-11,66.0,3.7,0.0,0.0,127.0
2013-12-12,61.0,2.6,0.0,0.0,119.0
2013-12-13,59.0,1.1,0.0,0.0,161.0
2013-12-14,55.0,5.8,45.7,0.0,123.0
2013-12-15,52.0,5.2,0.6,0.0,106.0
2013-12-16,51.0,9.7,0.4,0.0,91.0
2013-12-17,49.0,9.4,20.3,1.0,77.0
2013-12-18,47.0,1.2,5.8,2.0,81.0
2013-12-19,45.0,-4.7,53.7,5.0,53.0
2013-12-20,45.0,-1.8,18.4,7.0,87.0
2013-12-21,58.0,1.2,14.3,6.0,98.0
2013-12-22,65.0,2.3,5.0,5.0,84.0
2013-12-23,66.0,2.9,10.8,2.0,67.0
2013-12-24,70.0,2.6,0.6,0.0,40.0
2013-12-25,65.0,10.0,0.1,0.0,31.0
2013-12-26,61.0,10.9,0.0,0.0,27.0
2013-12-27,57.0,6.8,0.8,0.0,19.0
2013-12-28,54.0,2.8,0.0,0.0,24.0
2013-12-29,51.0,6.1,0.2,0.0,16.0
2013-12-30,48.0,7.2,0.0,0.0,21.0
2013-12-31,46.0,5.0,0.0,0.0,0.0
2014-01-01,44.0,6.8,0.0,0.0,0.0
2014-01-02,42.0,7.9,0.0,0.0,0.0
2014-01-03,41.0,0.5,3.0,0.0,0.0
2014-01-04,39.0,1.8,0.1,1.0,1.0
2014-01-05,37.0,5.0,0.1,0.0,0.0
2014-01-06,36.0,6.9,0.1,0.0,0.0
2014-01-07,38.0,2.3,13.4,0.0,0.0
2014-01-08,70.0,2.4,32.2,0.0,0.0
2014-01-09,161.0,-0.8,22.2,13.0,25.0
2014-01-10,221.0,1.0,2.8,30.0,134.0
2014-01-11,224.0,0.3,24.7,27.0,81.0
2014-01-12,261.0,-0.8,32.9,47.0,167.0
2014-01-13,302.0,0.3,3.0,68.0,257.0
2014-01-14,238.0,5.5,0.2,64.0,234.0
2014-01-15,188.0,10.5,0.0,63.0,210.0
2014-01-16,157.0,12.2,0.0,63.0,205.0
2014-01-17,135.0,13.6,0.0,63.0,199.0
2014-01-18,118.0,10.7,0.0,61.0,173.0
2014-01-19,104.0,8.5,0.0,61.0,157.0
2014-01-20,92.0,9.8,0.0,61.0,157.0
2014-01-21,82.0,8.7,0.0,60.0,147.0
2014-01-22,74.0,4.1,0.0,60.0,146.0
2014-01-23,68.0,2.8,0.3,62.0,136.0
2014-01-24,62.0,5.0,0.0,62.0,142.0
2014-01-25,58.0,10.3,0.0,52.0,133.0
2014-01-26,54.0,10.1,0.0,61.0,117.0
2014-01-27,52.0,6.8,1.0,59.0,122.0
2014-01-28,57.0,6.2,29.9,56.0,97.0
2014-01-29,266.0,3.0,41.6,44.0,34.0
2014-01-30,260.0,-1.8,8.0,30.0,39.0
2014-01-31,181.0,-2.6,5.5,40.0,103.0
2014-02-01,141.0,-1.7,0.4,50.0,114.0
2014-02-02,119.0,-1.5,3.8,54.0,140.0
2014-02-03,104.0,-4.2,0.6,56.0,153.0
2014-02-04,92.0,-5.6,0.0,61.0,225.0
2014-02-05,83.0,-11.3,0.4,63.0,247.0
2014-02-06,78.0,-6.6,1.0,63.0,254.0
2014-02-07,76.0,-2.7,0.1,83.0,408.0
2014-02-08,91.0,0.3,0.2,116.0,736.0
2014-02-09,198.0,1.5,0.0,156.0,650.0
2014-02-10,221.0,1.3,0.0,150.0,527.0
2014-02-11,277.0,0.5,0.0,148.0,463.0
2014-02-12,1720.0,3.7,0.0,167.0,464.0
2014-02-13,1350.0,2.1,0.0,151.0,351.0
2014-02-14,1480.0,2.0,67.8,146.0,339.0
2014-02-15,1130.0,2.4,41.2,146.0,376.0
2014-02-16,800.0,-1.7,11.0,141.0,306.0
2014-02-17,559.0,-0.7,7.0,156.0,462.0
2014-02-18,634.0,-0.3,31.8,203.0,735.0
2014-02-19,607.0,-2.9,0.3,232.0,709.0
2014-02-20,424.0,-1.1,0.0,244.0,773.0
2014-02-21,343.0,0.1,13.1,268.0,909.0
2014-02-22,278.0,0.0,9.9,273.0,821.0
2014-02-23,225.0,1.5,24.5,275.0,790.0
2014-02-24,199.0,5.5,53.6,281.0,775.0
2014-02-25,201.0,5.5,9.5,271.0,688.0
2014-02-26,199.0,6.7,0.0,263.0,650.0
2014-02-27,209.0,3.3,13.8,260.0,615.0
2014-02-28,193.0,2.7,8.0,251.0,587.0
2014-03-01,206.0,1.6,25.6,247.0,556.0
2014-03-02,367.0,3.0,30.5,245.0,549.0
2014-03-03,569.0,3.0,33.9,233.0,515.0
2014-03-04,507.0,4.1,2.0,223.0,487.0
2014-03-05,468.0,5.3,44.9,214.0,462.0
2014-03-06,603.0,1.3,25.9,197.0,380.0
2014-03-07,561.0,3.5,3.8,199.0,436.0
2014-03-08,410.0,6.2,26.9,191.0,395.0
2014-03-09,735.0,5.9,65.5,187.0,340.0
2014-03-10,891.0,-0.3,16.4,163.0,307.0
2014-03-11,549.0,0.0,1.7,167.0,361.0
2014-03-12,371.0,6.2,0.0,169.0,358.0
2014-03-13,270.0,5.6,0.0,167.0,334.0
2014-03-14,222.0,3.5,10.4,161.0,327.0
2014-03-15,181.0,7.2,0.7,152.0,302.0
2014-03-16,154.0,4.8,5.6,143.0,287.0
2014-03-17,156.0,-2.1,12.7,141.0,301.0
2014-03-18,136.0,-0.1,7.5,153.0,412.0
2014-03-19,125.0,1.7,0.3,156.0,369.0
2014-03-20,113.0,-0.9,1.0,152.0,319.0
2014-03-21,102.0,1.0,0.2,147.0,321.0
2014-03-22,94.0,3.4,0.0,142.0,300.0
2014-03-23,86.0,5.4,1.4,135.0,275.0
2014-03-24,80.0,10.2,1.8,124.0,253.0
2014-03-25,78.0,3.3,11.4,113.0,234.0
2014-03-26,95.0,-0.2,30.5,115.0,257.0
2014-03-27,170.0,-0.6,38.4,143.0,456.0
2014-03-28,401.0,1.1,49.7,182.0,601.0
2014-03-29,632.0,0.5,21.8,192.0,570.0
2014-03-30,425.0,-0.8,17.5,204.0,631.0
2014-03-31,322.0,0.1,1.7,226.0,710.0
2014-04-01,254.0,-0.8,7.8,230.0,661.0
2014-04-02,205.0,1.1,1.0,237.0,660.0
2014-04-03,174.0,2.4,6.3,237.0,659.0
2014-04-04,168.0,0.6,15.0,235.0,634.0
2014-04-05,191.0,1.6,21.7,245.0,652.0
2014-04-06,268.0,4.4,4.9,248.0,633.0
2014-04-07,251.0,10.1,0.4,239.0,581.0
2014-04-08,225.0,9.4,0.0,221.0,505.0
2014-04-09,196.0,5.3,3.2,202.0,451.0
2014-04-10,166.0,6.8,0.4,185.0,405.0
2014-04-11,141.0,8.7,0.0,169.0,357.0
2014-04-12,124.0,5.7,0.1,149.0,307.0
2014-04-13,108.0,7.0,0.0,127.0,260.0
2014-04-14,97.0,9.3,0.0,106.0,209.0
2014-04-15,88.0,2.8,0.0,89.0,166.0
2014-04-16,81.0,4.5,0.0,78.0,143.0
2014-04-17,86.0,3.6,22.5,60.0,87.0
2014-04-18,92.0,4.3,1.4,47.0,68.0
2014-04-19,80.0,3.8,3.8,18.0,4.0
2014-04-20,74.0,6.1,0.5,13.0,0.0
2014-04-21,70.0,6.3,7.0,8.0,0.0
2014-04-22,81.0,-0.4,21.6,10.0,0.0
2014-04-23,129.0,0.6,46.6,28.0,63.0
2014-04-24,453.0,1.9,27.3,48.0,138.0
2014-04-25,362.0,0.0,1.6,38.0,83.0
2014-04-26,260.0,0.1,9.7,31.0,55.0
2014-04-27,248.0,-0.6,26.0,28.0,108.0
2014-04-28,244.0,3.2,0.6,60.0,264.0
2014-04-29,218.0,9.4,0.1,49.0,139.0
2014-04-30,199.0,13.0,0.0,23.0,35.0
2014-05-01,177.0,16.8,0.0,8.0,0.0
2014-05-02,154.0,12.5,0.0,6.0,0.0
2014-05-03,135.0,5.2,1.1,6.0,0.0
2014-05-04,131.0,3.5,21.1,7.0,0.0
2014-05-05,149.0,2.2,10.7,9.0,0.0
2014-05-06,133.0,3.3,1.3,8.0,0.0
2014-05-07,118.0,4.8,0.4,7.0,1.0
2014-05-08,125.0,5.2,36.7,4.0,0.0
2014-05-09,259.0,1.2,33.5,8.0,0.0
2014-05-10,364.0,1.2,14.2,18.0,69.0
2014-05-11,306.0,5.6,0.5,24.0,58.0
2014-05-12,240.0,10.0,0.1,6.0,0.0
2014-05-13,195.0,15.4,0.0,0.0,0.0
2014-05-14,162.0,18.7,0.3,0.0,0.0
2014-05-15,138.0,17.9,0.1,0.0,0.0
2014-05-16,120.0,10.7,0.2,0.0,0.0
2014-05-17,106.0,9.2,0.8,0.0,0.0
2014-05-18,114.0,4.0,26.9,0.0,0.0
2014-05-19,122.0,5.5,6.0,0.0,0.0
2014-05-20,104.0,8.8,0.7,0.0,0.0
2014-05-21,93.0,10.6,0.2,0.0,0.0
2014-05-22,86.0,15.1,0.1,0.0,0.0
2014-05-23,80.0,11.3,1.4,0.0,0.0
2014-05-24,75.0,10.7,0.5,0.0,0.0
2014-05-25,70.0,11.0,1.2,0.0,0.0
2014-05-26,66.0,8.1,0.7,0.0,0.0
2014-05-27,62.0,6.2,0.2,0.0,0.0
2014-05-28,62.0,2.8,9.8,0.0,0.0
2014-05-29,60.0,7.5,0.7,0.0,0.0
2014-05-30,56.0,12.5,0.3,0.0,0.0
2014-05-31,53.0,10.8,0.2,0.0,0.0
2014-06-01,51.0,11.7,0.1,0.0,0.0
2014-06-02,49.0,13.0,0.0,0.0,0.0
2014-06-03,46.0,10.5,0.0,0.0,0.0
2014-06-04,44.0,12.4,0.0,0.0,0.0
2014-06-05,43.0,13.0,0.0,0.0,0.0
2014-06-06,41.0,13.1,0.0,0.0,0.0
2014-06-07,39.0,12.7,0.0,0.0,0.0
2014-06-08,38.0,13.9,0.0,0.0,0.0
2014-06-09,37.0,12.9,0.0,0.0,0.0
2014-06-10,36.0,11.0,0.0,0.0,0.0
2014-06-11,34.0,13.0,0.0,0.0,0.0
2014-06-12,34.0,7.4,4.5,0.0,0.0
2014-06-13,39.0,5.1,17.7,0.0,0.0
2014-06-14,36.0,5.1,0.4,0.0,0.0
2014-06-15,34.0,5.5,3.2,0.0,0.0
2014-06-16,36.0,2.5,14.7,0.0,0.0
2014-06-17,45.0,3.7,5.6,0.0,0.0
2014-06-18,37.0,8.6,0.6,0.0,0.0
2014-06-19,34.0,12.9,0.2,0.0,0.0
2014-06-20,32.0,9.5,0.3,0.0,0.0
2014-06-21,31.0,11.3,0.0,0.0,0.0
2014-06-22,30.0,14.8,0.0,0.0,0.0
2014-06-23,29.0,14.1,0.7,0.0,0.0
2014-06-24,28.0,12.0,0.7,0.0,0.0
2014-06-25,29.0,11.6,12.5,0.0,0.0
2014-06-26,35.0,9.9,15.0,0.0,0.0
2014-06-27,47.0,9.4,20.5,0.0,0.0
2014-06-28,46.0,9.5,1.6,0.0,0.0
2014-06-29,39.0,10.7,0.2,0.0,0.0
2014-06-30,35.0,16.7,0.0,0.0,0.0
2014-07-01,32.0,21.5,0.2,0.0,0.0
2014-07-02,31.0,15.8,0.5,0.0,0.0
2014-07-03,29.0,13.6,0.1,0.0,0.0
2014-07-04,28.0,14.5,0.0,0.0,0.0
2014-07-05,27.0,17.9,0.1,0.0,0.0
2014-07-06,26.0,18.6,0.0,0.0,0.0
2014-07-07,25.0,20.6,0.0,0.0,0.0
2014-07-08,24.0,20.2,0.0,0.0,0.0
2014-07-09,23.0,18.8,0.2,0.0,0.0
2014-07-10,22.0,18.8,0.0,0.0,0.0
2014-07-11,22.0,18.6,0.0,0.0,0.0
2014-07-12,21.0,22.6,0.0,0.0,0.0
2014-07-13,21.0,19.1,0.4,0.0,0.0
2014-07-14,20.0,19.1,0.0,0.0,0.0
2014-07-15,20.0,22.6,0.5,0.0,0.0
2014-07-16,19.0,22.0,0.1,0.0,0.0
2014-07-17,18.0,17.5,0.7,0.0,0.0
2014-07-18,18.0,16.1,0.0,0.0,0.0
2014-07-19,17.0,17.7,0.0,0.0,0.0
2014-07-20,17.0,14.7,0.0,0.0,0.0
2014-07-21,17.0,12.9,0.0,0.0,0.0
2014-07-22,17.0,14.3,9.0,0.0,0.0
2014-07-23,26.0,8.2,27.7,0.0,0.0
2014-07-24,24.0,8.2,1.1,0.0,0.0
2014-07-25,19.0,13.3,0.3,0.0,0.0
2014-07-26,18.0,17.2,0.4,0.0,0.0
2014-07-27,17.0,18.9,0.0,0.0,0.0
2014-07-28,17.0,21.7,0.5,0.0,0.0
2014-07-29,16.0,20.6,0.0,0.0,0.0
2014-07-30,16.0,21.1,0.2,0.0,0.0
2014-07-31,15.0,22.1,0.0,0.0,0.0
2014-08-01,15.0,21.1,0.0,0.0,0.0
2014-08-02,15.0,18.9,0.0,0.0,0.0
2014-08-03,14.0,18.7,0.8,0.0,0.0
2014-08-04,14.0,18.3,0.0,0.0,0.0
2014-08-05,14.0,16.6,0.2,0.0,0.0
2014-08-06,13.0,16.0,0.0,0.0,0.0
2014-08-07,13.0,15.7,0.8,0.0,0.0
2014-08-08,13.0,14.9,0.0,0.0,0.0
2014-08-09,13.0,17.1,0.0,0.0,0.0
2014-08-10,13.0,22.5,0.2,0.0,0.0
2014-08-11,12.0,22.4,0.1,0.0,0.0
2014-08-12,13.0,16.4,2.4,0.0,0.0
2014-08-13,13.0,11.8,0.3,0.0,0.0
2014-08-14,14.0,12.3,5.0,0.0,0.0
2014-08-15,13.0,14.4,0.0,0.0,0.0
2014-08-16,12.0,17.5,0.2,0.0,0.0
2014-08-17,12.0,18.3,0.0,0.0,0.0
2014-08-18,12.0,19.9,0.5,0.0,0.0
2014-08-19,12.0,17.0,0.0,0.0,0.0
2014-08-20,12.0,12.7,0.6,0.0,0.0
2014-08-21,11.0,12.6,0.0,0.0,0.0
2014-08-22,11.0,12.1,0.0,0.0,0.0
2014-08-23,11.0,15.7,0.0,0.0,0.0
2014-08-24,11.0,15.7,0.0,0.0,0.0
2014-08-25,11.0,16.1,0.0,0.0,0.0
2014-08-26,11.0,19.4,0.0,0.0,0.0
2014-08-27,10.0,19.8,0.0,0.0,0.0
2014-08-28,10.0,17.4,0.0,0.0,0.0
2014-08-29,10.0,14.9,0.0,0.0,0.0
2014-08-30,11.0,10.2,7.1,0.0,0.0
2014-08-31,12.0,9.7,0.7,0.0,0.0
2014-09-01,11.0,13.4,0.2,0.0,0.0
2014-09-02,10.0,12.8,0.3,0.0,0.0
2014-09-03,10.0,9.2,0.0,0.0,0.0
2014-09-04,10.0,13.4,0.0,0.0,0.0
2014-09-05,9.8,16.2,0.0,0.0,0.0
2014-09-06,9.6,18.6,0.0,0.0,0.0
2014-09-07,9.6,18.8,0.0,0.0,0.0
2014-09-08,9.5,15.9,0.0,0.0,0.0
2014-09-09,9.5,11.0,0.0,0.0,0.0
2014-09-10,9.5,14.0,0.0,0.0,0.0
2014-09-11,9.4,11.4,0.0,0.0,0.0
2014-09-12,9.1,16.9,0.0,0.0,0.0
2014-09-13,9.1,17.7,0.0,0.0,0.0
2014-09-14,8.9,20.2,0.4,0.0,0.0
2014-09-15,8.9,20.1,0.0,0.0,0.0
2014-09-16,8.8,15.7,0.9,0.0,0.0
2014-09-17,8.8,16.5,0.0,0.0,0.0
2014-09-18,8.9,12.1,0.3,0.0,0.0
2014-09-19,9.1,15.1,0.8,0.0,0.0
2014-09-20,9.0,19.8,0.1,0.0,0.0
2014-09-21,8.7,19.3,0.0,0.0,0.0
2014-09-22,8.5,16.2,0.3,0.0,0.0
2014-09-23,8.5,15.5,0.0,0.0,0.0
2014-09-24,15.0,9.7,34.1,0.0,0.0
2014-09-25,16.0,8.5,5.2,0.0,0.0
2014-09-26,12.0,8.8,0.8,0.0,0.0
2014-09-27,10.0,10.0,0.0,0.0,0.0
2014-09-28,9.9,12.8,0.3,0.0,0.0
2014-09-29,9.6,9.6,7.2,0.0,0.0
2014-09-30,11.0,6.2,13.0,0.0,0.0
2014-10-01,11.0,7.0,0.6,0.0,0.0
2014-10-02,9.7,11.6,0.5875,0.0,0.0
2014-10-03,9.4,16.9,0.575,0.0,0.0
2014-10-04,9.1,19.4,0.5625,0.0,0.0
2014-10-05,8.8,19.6,0.55,0.0,0.0
2014-10-06,8.8,20.2,0.5375,0.0,0.0
2014-10-07,8.8,17.8,0.525,0.0,0.0
2014-10-08,8.8,14.3,0.5125,0.0,0.0
2014-10-09,8.6,14.3,0.5,0.0,0.0
2014-10-10,8.5,13.1,0.0,0.0,0.9786464816762732
2014-10-11,8.9,8.8,12.7,0.0,0.0
2014-10-12,9.2,8.4,0.6,0.0,0.3138149118250117
2014-10-13,8.8,13.1,0.1,0.0,0.0
2014-10-14,9.9,7.3,12.0,0.0,0.0
2014-10-15,16.0,4.3,21.7,0.0,0.0
2014-10-16,16.0,7.3,0.6,0.0,0.0
2014-10-17,12.0,9.5,2.2,0.0,0.0
2014-10-18,12.0,11.4,2.7,0.0,0.0
2014-10-19,11.0,13.1,0.1,0.0,0.0
2014-10-20,14.0,6.9,23.8,0.0,0.0
2014-10-21,24.0,4.7,12.3,0.0866767949532164,0.0
2014-10-22,28.0,7.6,54.7,4.041567299752369,0.0
2014-10-23,107.0,5.8,22.4,0.0,0.0
2014-10-24,44.0,7.0,5.5,0.0,0.0
2014-10-25,31.0,7.6,15.5,0.0,0.0
2014-10-26,80.0,1.9,25.9,0.0,0.0
2014-10-27,74.0,3.8,0.6,52.88647116051371,0.0
2014-10-28,61.0,6.3,23.5,0.0,13.240683154749007
2014-10-29,86.0,7.8,0.7,23.16678757773353,7.448778665240725
2014-10-30,58.0,10.3,26.9,17.97285121759917,0.0
2014-10-31,170.0,3.9,21.1,15.824962403411476,0.0
2014-11-01,108.0,1.2,4.9,5.066288404433965,0.6311481646960011
2014-11-02,73.0,2.4,4.1,0.0,0.0
2014-11-03,61.0,4.8,7.4,4.749933494470822,7.0
2014-11-04,98.0,7.0,23.4,10.10821502120606,105.0
2014-11-05,110.0,10.7,0.5,17.994623339906994,129.0
2014-11-06,85.0,7.9,6.4,13.91284684976032,10.072842757530475
2014-11-07,71.0,5.3,0.7,6.917715331238584,24.688869276174593
2014-11-08,59.0,13.2,0.0,0.0,0.0
2014-11-09,52.0,5.4,8.8,3.54327835915097,0.0
2014-11-10,47.0,1.3,1.1,18.48330048426132,48.90137903844283
2014-11-11,42.0,-2.6,0.2,46.54989817873496,65.69044343733334
2014-11-12,37.0,-5.0,0.0,0.0,135.82415531586219
2014-11-13,118.0,0.3,60.8,1.0,37.208462075044906
2014-11-14,496.0,0.5,22.4,34.82058519503573,158.90605621997585
2014-11-15,252.0,-5.2,0.3,1.0,0.0
2014-11-16,158.0,0.7,0.2,29.978469187179126,41.0
2014-11-17,115.0,5.2,0.0,10.449598724078584,222.1212429240791
2014-11-18,92.0,8.9,0.0,34.66870282008883,119.02434198463452
2014-11-19,79.0,7.3,8.9,59.63678463365392,101.0
2014-11-20,83.0,3.8,9.9,10.861670691892657,0.0
2014-11-21,199.0,4.1,70.5,57.85475157833892,448.51331043433703
2014-11-22,666.0,1.0,14.4,70.3652589497155,174.5230887018506
2014-11-23,380.0,1.3,6.2,18.662464605155602,101.0
2014-11-24,261.0,3.2,6.0,0.0,225.1926304274287
2014-11-25,283.0,6.7,19.4,0.0,312.8755564925009
2014-11-26,258.0,7.0,0.2,3.0,85.0
2014-11-27,235.0,5.7,34.3,8.0,89.0
2014-11-28,533.0,4.2,66.7,14.0,79.0
2014-11-29,821.0,-3.2,8.5,62.286739255650865,65.0
2014-11-30,395.0,-4.2,0.2,17.0,51.0
2014-12-01,283.0,1.3,14.6,12.0,194.09421171901326
2014-12-02,271.0,2.9,2.8,132.90211664772653,343.77167209842753
2014-12-03,220.0,3.7,5.1,5.0,42.0
2014-12-04,205.0,5.0,16.4,7.129126932504947,75.0
2014-12-05,187.0,6.4,7.0,0.0,52.0
2014-12-06,189.0,3.2,8.6,29.881313416204105,158.18848504631237
2014-12-07,161.0,6.7,0.1,0.0,80.0
2014-12-08,137.0,6.9,0.0,0.0,141.0
2014-12-09,126.0,7.3,15.6,0.0,140.0
2014-12-10,126.0,6.8,10.5,0.0,256.80153450173543
2014-12-11,122.0,5.0,4.5,71.22589231324295,127.0
2014-12-12,110.0,1.2,2.8,0.0,119.0
2014-12-13,98.0,0.0,2.0,0.0,161.0
2014-12-14,89.0,-0.5,0.5,0.7161376750803177,408.7391074930316
2014-12-15,83.0,0.5,2.5,0.0,320.3708041906907
2014-12-16,78.0,2.3,1.1,0.0,642.201282376677
2014-12-17,74.0,1.8,3.3,1.0,308.3648451808811
2014-12-18,70.0,2.7,6.7,2.0,255.11446437199703
2014-12-19,83.0,0.6,16.0,5.0,53.0
2014-12-20,520.0,2.8,111.2,7.0,351.22972160814817
2014-12-21,1920.0,5.2,77.3,22.38746975616092,98.0
2014-12-22,1060.0,4.0,8.6,286.9200008421722,424.89936168643817
2014-12-23,488.0,5.7,8.0,2.0,272.2500132001714
2014-12-24,360.0,0.1,23.3,0.0,40.0
2014-12-25,289.0,-1.9,14.0,2.4153318373640627,1322.7755027608114
2014-12-26,232.0,-1.7,0.3,0.0,27.0
2014-12-27,192.0,-1.6,20.4,103.43084632794043,555.0259886326262
2014-12-28,188.0,-2.2,27.8,7.178202670118821,24.0
2014-12-29,178.0,-6.0,18.7,0.0,16.0
2014-12-30,150.0,-11.3,0.5,120.3110219585502,21.0
2014-12-31,129.0,-3.4,0.2,0.0,0.0
